train/loss,epoch,step,valid/loss
0.4742787778377533,0,0,
0.24755582213401794,0,1,
2.8251900672912598,0,2,
0.3396849036216736,0,3,
,0,3,0.29789865016937256
0.2945030629634857,1,4,
0.47292670607566833,1,5,
0.4207572638988495,1,6,
0.36423319578170776,1,7,
,1,7,0.24651414155960083
0.24681080877780914,2,8,
0.4003191292285919,2,9,
0.6098634600639343,2,10,
0.305840402841568,2,11,
,2,11,0.26169553399086
0.26098617911338806,3,12,
0.3281532824039459,3,13,
0.28881537914276123,3,14,
0.3787969946861267,3,15,
,3,15,0.36275455355644226
0.3592461049556732,4,16,
0.26990464329719543,4,17,
0.30103349685668945,4,18,
0.3361397981643677,4,19,
,4,19,0.2754320204257965
0.2727799117565155,5,20,
0.2688635289669037,5,21,
0.29387250542640686,5,22,
0.2702766954898834,5,23,
,5,23,0.23800282180309296
0.23636727035045624,6,24,
0.2779380679130554,6,25,
0.2628041207790375,6,26,
0.25871461629867554,6,27,
,6,27,0.26569226384162903
0.26909753680229187,7,28,
0.2584555447101593,7,29,
0.25159162282943726,7,30,
0.24695497751235962,7,31,
,7,31,0.2540750205516815
0.2529791295528412,8,32,
0.23919062316417694,8,33,
0.25375932455062866,8,34,
0.24578095972537994,8,35,
,8,35,0.24220743775367737
0.24035239219665527,9,36,
0.24393706023693085,9,37,
0.23689502477645874,9,38,
0.2445235550403595,9,39,
,9,39,0.23944061994552612
0.24043302237987518,10,40,
0.23893693089485168,10,41,
0.23992657661437988,10,42,
0.23409558832645416,10,43,
,10,43,0.24001964926719666
0.24156546592712402,11,44,
0.23858322203159332,11,45,
0.2376902848482132,11,46,
0.2434295266866684,11,47,
,11,47,0.23874586820602417
0.23564790189266205,12,48,
0.23724614083766937,12,49,
0.23605994880199432,12,50,
0.24125714600086212,12,51,
,12,51,0.23643073439598083
0.23699013888835907,13,52,
0.23829905688762665,13,53,
0.23965084552764893,13,54,
0.24194595217704773,13,55,
,13,55,0.2351544350385666
0.23504535853862762,14,56,
0.23531225323677063,14,57,
0.2372584044933319,14,58,
0.23511157929897308,14,59,
,14,59,0.2378838211297989
0.2390783131122589,15,60,
0.23498085141181946,15,61,
0.23325222730636597,15,62,
0.23888163268566132,15,63,
,15,63,0.23314917087554932
0.23319892585277557,16,64,
0.23495708405971527,16,65,
0.23592965304851532,16,66,
0.23519113659858704,16,67,
,16,67,0.23492270708084106
0.23642069101333618,17,68,
0.23472200334072113,17,69,
0.2326190024614334,17,70,
0.2359459400177002,17,71,
,17,71,0.2334766983985901
0.23307272791862488,18,72,
0.23291617631912231,18,73,
0.23489539325237274,18,74,
0.23527958989143372,18,75,
,18,75,0.23469026386737823
0.2336181104183197,19,76,
0.23359298706054688,19,77,
0.23307575285434723,19,78,
0.23367434740066528,19,79,
,19,79,0.2325960099697113
0.2332378476858139,20,80,
0.23755885660648346,20,81,
0.23064568638801575,20,82,
0.23459288477897644,20,83,
,20,83,0.23776431381702423
0.23527850210666656,21,84,
0.23592542111873627,21,85,
0.2311531901359558,21,86,
0.23518505692481995,21,87,
,21,87,0.23342330753803253
0.23262210190296173,22,88,
0.23522831499576569,22,89,
0.23076605796813965,22,90,
0.23278824985027313,22,91,
,22,91,0.23812827467918396
0.2356323003768921,23,92,
0.2325286567211151,23,93,
0.23226408660411835,23,94,
0.22838357090950012,23,95,
,23,95,0.2337152361869812
0.23458515107631683,24,96,
0.2346840649843216,24,97,
0.2302626520395279,24,98,
0.23450101912021637,24,99,
,24,99,0.2327055037021637
0.23205359280109406,25,100,
0.23095197975635529,25,101,
0.23303212225437164,25,102,
0.22365637123584747,25,103,
,25,103,0.2300317883491516
0.23253582417964935,26,104,
0.2282402217388153,26,105,
0.2282392382621765,26,106,
0.2281315177679062,26,107,
,26,107,0.22714801132678986
0.22699333727359772,27,108,
0.22396107017993927,27,109,
0.22470033168792725,27,110,
0.5452120900154114,27,111,
,27,111,0.27343666553497314
0.2675219476222992,28,112,
0.26059484481811523,28,113,
0.2429281771183014,28,114,
0.2358052134513855,28,115,
,28,115,0.23403243720531464
0.2333081066608429,29,116,
0.23736990988254547,29,117,
0.23967692255973816,29,118,
0.23948056995868683,29,119,
,29,119,0.24033494293689728
0.2402791827917099,30,120,
0.24828197062015533,30,121,
0.239388108253479,30,122,
0.24679939448833466,30,123,
,30,123,0.24276740849018097
0.24466587603092194,31,124,
0.2461543083190918,31,125,
0.24227650463581085,31,126,
0.23825639486312866,31,127,
,31,127,0.23486080765724182
0.23562897741794586,32,128,
0.23538444936275482,32,129,
0.2403508424758911,32,130,
0.23903778195381165,32,131,
,32,131,0.23700185120105743
0.23710905015468597,33,132,
0.23985831439495087,33,133,
0.23705098032951355,33,134,
0.23515833914279938,33,135,
,33,135,0.237214133143425
0.2364465743303299,34,136,
0.23775172233581543,34,137,
0.2351207584142685,34,138,
0.23292799293994904,34,139,
,34,139,0.23471394181251526
0.23411104083061218,35,140,
0.2339322865009308,35,141,
0.2354118674993515,35,142,
0.24032804369926453,35,143,
,35,143,0.23254640400409698
0.2349189817905426,36,144,
0.23290327191352844,36,145,
0.2333994358778,36,146,
0.23462675511837006,36,147,
,36,147,0.23441959917545319
0.23393549025058746,37,148,
0.23360885679721832,37,149,
0.23227174580097198,37,150,
0.23465695977210999,37,151,
,37,151,0.2324320375919342
0.23304136097431183,38,152,
0.23064541816711426,38,153,
0.23244008421897888,38,154,
0.23600058257579803,38,155,
,38,155,0.2312299758195877
0.2317999005317688,39,156,
0.23352625966072083,39,157,
0.23258286714553833,39,158,
0.2325422465801239,39,159,
,39,159,0.2307921051979065
0.23175513744354248,40,160,
0.23058611154556274,40,161,
0.23225027322769165,40,162,
0.22827444970607758,40,163,
,40,163,0.23234891891479492
0.23173470795154572,41,164,
0.23198752105236053,41,165,
0.23032811284065247,41,166,
0.23030444979667664,41,167,
,41,167,0.22971631586551666
0.22985495626926422,42,168,
0.2315034121274948,42,169,
0.2323208749294281,42,170,
0.23113521933555603,42,171,
,42,171,0.2289653718471527
0.2290528118610382,43,172,
0.2289445549249649,43,173,
0.23052281141281128,43,174,
0.23154187202453613,43,175,
,43,175,0.2302849143743515
0.22908549010753632,44,176,
0.22779065370559692,44,177,
0.22764720022678375,44,178,
0.23135651648044586,44,179,
,44,179,0.22628335654735565
0.22788755595684052,45,180,
0.22372068464756012,45,181,
0.2416616678237915,45,182,
0.23849733173847198,45,183,
,45,183,0.23948617279529572
0.2400026023387909,46,184,
0.245931014418602,46,185,
0.24220381677150726,46,186,
0.23883000016212463,46,187,
,46,187,0.23099114000797272
0.2323891669511795,47,188,
0.23821747303009033,47,189,
0.2423328459262848,47,190,
0.23265112936496735,47,191,
,47,191,0.23637862503528595
0.23675791919231415,48,192,
0.24824339151382446,48,193,
0.2361520677804947,48,194,
0.27461862564086914,48,195,
,48,195,0.26161080598831177
0.2609611451625824,49,196,
0.23692215979099274,49,197,
0.23566597700119019,49,198,
0.24819636344909668,49,199,
,49,199,0.24124927818775177
0.24224714934825897,50,200,
0.24835816025733948,50,201,
0.2448347806930542,50,202,
0.2394692450761795,50,203,
,50,203,0.23798418045043945
0.23762626945972443,51,204,
0.2475239485502243,51,205,
0.24446384608745575,51,206,
0.242495596408844,51,207,
,51,207,0.24211393296718597
0.24256086349487305,52,208,
0.23458550870418549,52,209,
0.2400716096162796,52,210,
0.2361506223678589,52,211,
,52,211,0.23641641438007355
0.23678486049175262,53,212,
0.2297278195619583,53,213,
0.23219715058803558,53,214,
0.22976577281951904,53,215,
,53,215,0.2341814786195755
0.23286335170269012,54,216,
0.23230253159999847,54,217,
0.22752350568771362,54,218,
0.2316298633813858,54,219,
,54,219,0.22904403507709503
0.22990697622299194,55,220,
0.2306775599718094,55,221,
0.23116827011108398,55,222,
0.2324676364660263,55,223,
,55,223,0.22739820182323456
0.22760944068431854,56,224,
0.22252598404884338,56,225,
0.24570125341415405,56,226,
0.2297125905752182,56,227,
,56,227,0.2373914271593094
0.2331528514623642,57,228,
0.23650120198726654,57,229,
0.2374013066291809,57,230,
0.23360030353069305,57,231,
,57,231,0.2336113154888153
0.23389267921447754,58,232,
0.23091821372509003,58,233,
0.2354075312614441,58,234,
0.2389441579580307,58,235,
,58,235,0.23587776720523834
0.23619697988033295,59,236,
0.23474708199501038,59,237,
0.2314395010471344,59,238,
0.23056374490261078,59,239,
,59,239,0.2354346215724945
0.23520192503929138,60,240,
0.23133167624473572,60,241,
0.23346348106861115,60,242,
0.2334354966878891,60,243,
,60,243,0.23189431428909302
0.23228836059570312,61,244,
0.23102720081806183,61,245,
0.23333966732025146,61,246,
0.23138557374477386,61,247,
,61,247,0.22881346940994263
0.2296842485666275,62,248,
0.2295350730419159,62,249,
0.23029667139053345,62,250,
0.22606022655963898,62,251,
,62,251,0.2261919528245926
0.22593247890472412,63,252,
0.22744572162628174,63,253,
0.2229991853237152,63,254,
0.2169460505247116,63,255,
,63,255,0.21189457178115845
0.21422423422336578,64,256,
0.24013398587703705,64,257,
0.24034543335437775,64,258,
0.2505670487880707,64,259,
,64,259,0.2422390878200531
0.23892666399478912,65,260,
0.23625615239143372,65,261,
0.23331673443317413,65,262,
0.233128160238266,65,263,
,65,263,0.23609983921051025
0.23512662947177887,66,264,
0.2356363981962204,66,265,
0.2353316694498062,66,266,
0.2290615439414978,66,267,
,66,267,0.23226948082447052
0.23369599878787994,67,268,
0.2349119633436203,67,269,
0.2327810823917389,67,270,
0.23585402965545654,67,271,
,67,271,0.23322707414627075
0.23401029407978058,68,272,
0.2342616319656372,68,273,
0.2320990115404129,68,274,
0.23398298025131226,68,275,
,68,275,0.23350749909877777
0.2351590096950531,69,276,
0.23094646632671356,69,277,
0.2315192073583603,69,278,
0.23218105733394623,69,279,
,69,279,0.23216335475444794
0.2320023626089096,70,280,
0.23059962689876556,70,281,
0.2314796894788742,70,282,
0.2318204790353775,70,283,
,70,283,0.23070953786373138
0.23123350739479065,71,284,
0.22941173613071442,71,285,
0.23137305676937103,71,286,
0.2318308800458908,71,287,
,71,287,0.23018178343772888
0.23014378547668457,72,288,
0.22971558570861816,72,289,
0.22943714261054993,72,290,
0.22728951275348663,72,291,
,72,291,0.230366513133049
0.22889825701713562,73,292,
0.23081853985786438,73,293,
0.23360216617584229,73,294,
0.2471306025981903,73,295,
,73,295,0.228848397731781
0.22843550145626068,74,296,
0.41877198219299316,74,297,
0.24879612028598785,74,298,
0.24594467878341675,74,299,
,74,299,0.24262000620365143
0.2432195246219635,75,300,
0.271997332572937,75,301,
0.26847174763679504,75,302,
0.2438959926366806,75,303,
,75,303,0.239822119474411
0.24108436703681946,76,304,
0.24754413962364197,76,305,
0.24066223204135895,76,306,
0.2568321228027344,76,307,
,76,307,0.25578054785728455
0.2549552023410797,77,308,
0.24039597809314728,77,309,
0.23895598948001862,77,310,
0.25103598833084106,77,311,
,77,311,0.24308530986309052
0.24368707835674286,78,312,
0.257818341255188,78,313,
0.2576252520084381,78,314,
0.24151770770549774,78,315,
,78,315,0.2573915123939514
0.25780749320983887,79,316,
0.24228543043136597,79,317,
0.26505038142204285,79,318,
0.2711345851421356,79,319,
,79,319,0.23463653028011322
0.2348131537437439,80,320,
0.2616938054561615,80,321,
0.2515854239463806,80,322,
0.2351323366165161,80,323,
,80,323,0.24720898270606995
0.2469988465309143,81,324,
0.23841795325279236,81,325,
0.2532370388507843,81,326,
0.23916105926036835,81,327,
,81,327,0.26264429092407227
0.26282453536987305,82,328,
0.27040544152259827,82,329,
0.23351988196372986,82,330,
0.26442623138427734,82,331,
,82,331,0.24751442670822144
0.24838247895240784,83,332,
0.24669618904590607,83,333,
0.2510794997215271,83,334,
0.2365841567516327,83,335,
,83,335,0.24247398972511292
0.24189375340938568,84,336,
0.23691073060035706,84,337,
0.24628309905529022,84,338,
0.23540806770324707,84,339,
,84,339,0.24919405579566956
0.2513417601585388,85,340,
0.2511884272098541,85,341,
0.23107212781906128,85,342,
0.23279225826263428,85,343,
,85,343,0.23322263360023499
0.23183183372020721,86,344,
0.2326001524925232,86,345,
0.2377810776233673,86,346,
0.23147544264793396,86,347,
,86,347,0.2305004894733429
0.23089691996574402,87,348,
0.23106463253498077,87,349,
0.22783948481082916,87,350,
0.22419299185276031,87,351,
,87,351,0.2305227667093277
0.23269349336624146,88,352,
0.22045451402664185,88,353,
0.2121606171131134,88,354,
0.21936683356761932,88,355,
,88,355,0.24009479582309723
0.24196210503578186,89,356,
0.24640867114067078,89,357,
0.2347840666770935,89,358,
0.23008838295936584,89,359,
,89,359,0.23497538268566132
0.23566332459449768,90,360,
0.23270858824253082,90,361,
0.23477216064929962,90,362,
0.23588979244232178,90,363,
,90,363,0.23396135866641998
0.23379938304424286,91,364,
0.23572462797164917,91,365,
0.23412856459617615,91,366,
0.2275693416595459,91,367,
,91,367,0.23442906141281128
0.23183579742908478,92,368,
0.23670253157615662,92,369,
0.2350093126296997,92,370,
0.23764152824878693,92,371,
,92,371,0.23437079787254333
0.23342494666576385,93,372,
0.23422980308532715,93,373,
0.23444172739982605,93,374,
0.2356494516134262,93,375,
,93,375,0.23449619114398956
0.2344735562801361,94,376,
0.23413299024105072,94,377,
0.2343921810388565,94,378,
0.2382337749004364,94,379,
,94,379,0.23420189321041107
0.23350727558135986,95,380,
0.23481406271457672,95,381,
0.23429690301418304,95,382,
0.2330579310655594,95,383,
,95,383,0.23257294297218323
0.23213791847229004,96,384,
0.23392103612422943,96,385,
0.23312072455883026,96,386,
0.22859641909599304,96,387,
,96,387,0.2336629033088684
0.233373761177063,97,388,
0.2320866882801056,97,389,
0.23779676854610443,97,390,
0.23186582326889038,97,391,
,97,391,0.23472173511981964
0.23691073060035706,98,392,
0.23353639245033264,98,393,
0.23176966607570648,98,394,
0.2309442162513733,98,395,
,98,395,0.23217855393886566
0.23322996497154236,99,396,
0.23211954534053802,99,397,
0.2326909452676773,99,398,
0.23261621594429016,99,399,
,99,399,0.23198698461055756
0.2321022003889084,100,400,
0.23200839757919312,100,401,
0.2331022471189499,100,402,
0.23269104957580566,100,403,
,100,403,0.23260687291622162
0.23294760286808014,101,404,
0.23161759972572327,101,405,
0.23251000046730042,101,406,
0.232420414686203,101,407,
,101,407,0.23259444534778595
0.23162388801574707,102,408,
0.23290342092514038,102,409,
0.23259766399860382,102,410,
0.232313334941864,102,411,
,102,411,0.23167254030704498
0.23164433240890503,103,412,
0.2322283685207367,103,413,
0.23078571259975433,103,414,
0.23027482628822327,103,415,
,103,415,0.23119810223579407
0.2329699844121933,104,416,
0.2302798181772232,104,417,
0.23008330166339874,104,418,
0.23144935071468353,104,419,
,104,419,0.2298644483089447
0.2304428219795227,105,420,
0.2303263545036316,105,421,
0.2304021120071411,105,422,
0.22929608821868896,105,423,
,105,423,0.22908230125904083
0.22939109802246094,106,424,
0.22829245030879974,106,425,
0.22959543764591217,106,426,
0.229055255651474,106,427,
,106,427,0.22667856514453888
0.22715866565704346,107,428,
0.22654959559440613,107,429,
0.22451964020729065,107,430,
0.22204728424549103,107,431,
,107,431,0.20430226624011993
0.20615726709365845,108,432,
0.24609346687793732,108,433,
0.22910138964653015,108,434,
0.23757682740688324,108,435,
,108,435,0.22605592012405396
0.22576704621315002,109,436,
0.22212785482406616,109,437,
0.213226780295372,109,438,
0.2025647610425949,109,439,
,109,439,0.24261894822120667
0.24550758302211761,110,440,
0.23131076991558075,110,441,
0.23432351648807526,110,442,
0.24322424829006195,110,443,
,110,443,0.23965509235858917
0.23773017525672913,111,444,
0.2760857939720154,111,445,
0.2815907299518585,111,446,
0.2424241155385971,111,447,
,111,447,0.25839802622795105
0.26312893629074097,112,448,
0.23627759516239166,112,449,
0.23661097884178162,112,450,
0.22619259357452393,112,451,
,112,451,0.203853040933609
0.20201492309570312,113,452,
0.2143862098455429,113,453,
0.2697502374649048,113,454,
0.253030002117157,113,455,
,113,455,0.25161492824554443
0.25466203689575195,114,456,
0.24433042109012604,114,457,
0.26192671060562134,114,458,
0.25911635160446167,114,459,
,114,459,0.24406705796718597
0.24560712277889252,115,460,
0.24248558282852173,115,461,
0.252218633890152,115,462,
0.24014179408550262,115,463,
,115,463,0.2571709454059601
0.25570982694625854,116,464,
0.25654852390289307,116,465,
0.24227383732795715,116,466,
0.24731265008449554,116,467,
,116,467,0.2435385286808014
0.24336224794387817,117,468,
0.24012361466884613,117,469,
0.25185003876686096,117,470,
0.24771246314048767,117,471,
,117,471,0.25200706720352173
0.2531511187553406,118,472,
0.25133028626441956,118,473,
0.24046088755130768,118,474,
0.2366047203540802,118,475,
,118,475,0.25037717819213867
0.2496863752603531,119,476,
0.24130888283252716,119,477,
0.26222023367881775,119,478,
0.26982393860816956,119,479,
,119,479,0.2348121702671051
0.23484958708286285,120,480,
0.26091745495796204,120,481,
0.2462940663099289,120,482,
0.25302401185035706,120,483,
,120,483,0.26084327697753906
0.2617761790752411,121,484,
0.23559406399726868,121,485,
0.24976378679275513,121,486,
0.23295478522777557,121,487,
,121,487,0.2589762806892395
0.25839996337890625,122,488,
0.2522231340408325,122,489,
0.24257920682430267,122,490,
0.2373412847518921,122,491,
,122,491,0.24696706235408783
0.24688725173473358,123,492,
0.24347680807113647,123,493,
0.24863563477993011,123,494,
0.2442973256111145,123,495,
,123,495,0.2408076673746109
0.24236300587654114,124,496,
0.23786872625350952,124,497,
0.25378185510635376,124,498,
0.2473399043083191,124,499,
,124,499,0.237989604473114
0.2368943691253662,125,500,
0.23871669173240662,125,501,
0.2462868094444275,125,502,
0.23871369659900665,125,503,
,125,503,0.25758451223373413
0.25599104166030884,126,504,
0.2620726525783539,126,505,
0.23499396443367004,126,506,
0.25656116008758545,126,507,
,126,507,0.2390499711036682
0.23896019160747528,127,508,
0.2647979259490967,127,509,
0.27874353528022766,127,510,
0.2383200079202652,127,511,
,127,511,0.2944784164428711
0.29362615942955017,128,512,
0.3453400135040283,128,513,
0.2847084105014801,128,514,
0.23575203120708466,128,515,
,128,515,0.25751009583473206
0.2577030062675476,129,516,
0.2365914136171341,129,517,
0.27106747031211853,129,518,
0.28777772188186646,129,519,
,129,519,0.24296683073043823
0.2434188723564148,130,520,
0.27608057856559753,130,521,
0.3221017122268677,130,522,
0.27827730774879456,130,523,
,130,523,0.2363915890455246
0.23721544444561005,131,524,
0.25371184945106506,131,525,
0.2359921932220459,131,526,
0.25910571217536926,131,527,
,131,527,0.26539909839630127
0.26458337903022766,132,528,
0.23487044870853424,132,529,
0.26410597562789917,132,530,
0.26732179522514343,132,531,
,132,531,0.23319290578365326
0.2341347336769104,133,532,
0.2605562210083008,133,533,
0.2582523822784424,133,534,
0.23508383333683014,133,535,
,133,535,0.24885563552379608
0.24901218712329865,134,536,
0.23601633310317993,134,537,
0.25369560718536377,134,538,
0.2532280385494232,134,539,
,134,539,0.23346735537052155
0.23318764567375183,135,540,
0.24808456003665924,135,541,
0.23462823033332825,135,542,
0.2468940019607544,135,543,
,135,543,0.24803443253040314
0.24785110354423523,136,544,
0.23707060515880585,136,545,
0.24046006798744202,136,546,
0.23336473107337952,136,547,
,136,547,0.23409561812877655
0.23345619440078735,137,548,
0.23871345818042755,137,549,
0.2329634726047516,137,550,
0.237976536154747,137,551,
,137,551,0.2325458973646164
0.2332889586687088,138,552,
0.23375393450260162,138,553,
0.23396754264831543,138,554,
0.23079997301101685,138,555,
,138,555,0.23449498414993286
0.23510096967220306,139,556,
0.23044361174106598,139,557,
0.2318878471851349,139,558,
0.22983916103839874,139,559,
,139,559,0.22437246143817902
0.2248746007680893,140,560,
0.21767377853393555,140,561,
0.2293284684419632,140,562,
0.22740142047405243,140,563,
,140,563,0.2260393351316452
0.22900325059890747,141,564,
0.21025346219539642,141,565,
0.20908185839653015,141,566,
0.20674733817577362,141,567,
,141,567,0.24100489914417267
0.24431541562080383,142,568,
0.23794429004192352,142,569,
0.2356010228395462,142,570,
0.24546121060848236,142,571,
,142,571,0.23789182305335999
0.2358090877532959,143,572,
0.2394302487373352,143,573,
0.2374303787946701,143,574,
0.2394486516714096,143,575,
,143,575,0.23499268293380737
0.23526419699192047,144,576,
0.23623527586460114,144,577,
0.23401542007923126,144,578,
0.23693029582500458,144,579,
,144,579,0.2344556599855423
0.23515518009662628,145,580,
0.23378755152225494,145,581,
0.23565402626991272,145,582,
0.23337653279304504,145,583,
,145,583,0.2348436713218689
0.234784334897995,146,584,
0.23498080670833588,146,585,
0.23536457121372223,146,586,
0.2332770675420761,146,587,
,146,587,0.2343035489320755
0.23531614243984222,147,588,
0.23375549912452698,147,589,
0.23447349667549133,147,590,
0.23641343414783478,147,591,
,147,591,0.23499807715415955
0.2363538146018982,148,592,
0.23858216404914856,148,593,
0.23999369144439697,148,594,
0.2374003529548645,148,595,
,148,595,0.23382681608200073
0.23317483067512512,149,596,
0.23685023188591003,149,597,
0.23527970910072327,149,598,
0.2322521209716797,149,599,
,149,599,0.23428449034690857
0.2330259531736374,150,600,
0.2357129603624344,150,601,
0.23477305471897125,150,602,
0.2366781383752823,150,603,
,150,603,0.23451721668243408
0.23428142070770264,151,604,
0.23301786184310913,151,605,
0.23444129526615143,151,606,
0.2373964637517929,151,607,
,151,607,0.23369450867176056
0.2340928614139557,152,608,
0.2318420112133026,152,609,
0.23461973667144775,152,610,
0.23394566774368286,152,611,
,152,611,0.23304098844528198
0.23273248970508575,153,612,
0.23405683040618896,153,613,
0.23279926180839539,153,614,
0.23263224959373474,153,615,
,153,615,0.2331046611070633
0.23259414732456207,154,616,
0.23377719521522522,154,617,
0.2325633466243744,154,618,
0.23414917290210724,154,619,
,154,619,0.23289182782173157
0.23217448592185974,155,620,
0.23367729783058167,155,621,
0.2323777824640274,155,622,
0.23057273030281067,155,623,
,155,623,0.23339956998825073
0.23428961634635925,156,624,
0.239118754863739,156,625,
0.2411365807056427,156,626,
0.234899640083313,156,627,
,156,627,0.23522290587425232
0.23506397008895874,157,628,
0.24923911690711975,157,629,
0.2345568686723709,157,630,
0.26814258098602295,157,631,
,157,631,0.2553737759590149
0.2553533911705017,158,632,
0.2418779730796814,158,633,
0.24544104933738708,158,634,
0.23372451961040497,158,635,
,158,635,0.24169345200061798
0.2419150471687317,159,636,
0.23531349003314972,159,637,
0.24183546006679535,159,638,
0.23413601517677307,159,639,
,159,639,0.23681271076202393
0.23666583001613617,160,640,
0.24142906069755554,160,641,
0.23460832238197327,160,642,
0.2489061951637268,160,643,
,160,643,0.2341429591178894
0.23444804549217224,161,644,
0.2628016471862793,161,645,
0.25668594241142273,161,646,
0.2340652197599411,161,647,
,161,647,0.23953789472579956
0.23939953744411469,162,648,
0.24102282524108887,162,649,
0.23546770215034485,162,650,
0.2494809776544571,162,651,
,162,651,0.24090376496315002
0.2411048263311386,163,652,
0.24543552100658417,163,653,
0.24674269556999207,163,654,
0.23597398400306702,163,655,
,163,655,0.23709197342395782
0.2380574494600296,164,656,
0.23768329620361328,164,657,
0.2330320179462433,164,658,
0.24181179702281952,164,659,
,164,659,0.239908829331398
0.23955878615379333,165,660,
0.2368326485157013,165,661,
0.23222465813159943,165,662,
0.2297692894935608,165,663,
,165,663,0.22026224434375763
0.22017188370227814,166,664,
0.22806625068187714,166,665,
0.3589531183242798,166,666,
0.3476113975048065,166,667,
,166,667,0.24421969056129456
0.2451101541519165,167,668,
0.30628669261932373,167,669,
0.4191604256629944,167,670,
0.3874514102935791,167,671,
,167,671,0.26535966992378235
0.2661111652851105,168,672,
0.26825544238090515,168,673,
0.34441399574279785,168,674,
0.3223852813243866,168,675,
,168,675,0.2440909892320633
0.24327091872692108,169,676,
0.28666558861732483,169,677,
0.35790368914604187,169,678,
0.32169562578201294,169,679,
,169,679,0.26224175095558167
0.2656986117362976,170,680,
0.2815125286579132,170,681,
0.35232117772102356,170,682,
0.316313236951828,170,683,
,170,683,0.23881788551807404
0.2388676553964615,171,684,
0.3198072910308838,171,685,
0.43976521492004395,171,686,
0.4164595901966095,171,687,
,171,687,0.2924467623233795
0.29222193360328674,172,688,
0.24425403773784637,172,689,
0.2889772951602936,172,690,
0.2785350978374481,172,691,
,172,691,0.2365322858095169
0.23655648529529572,173,692,
0.28099119663238525,173,693,
0.31008461117744446,173,694,
0.2577703297138214,173,695,
,173,695,0.24734871089458466
0.24702513217926025,174,696,
0.26914137601852417,174,697,
0.24688750505447388,174,698,
0.25016334652900696,174,699,
,174,699,0.2606087923049927
0.2606028914451599,175,700,
0.23838117718696594,175,701,
0.26772797107696533,175,702,
0.29330411553382874,175,703,
,175,703,0.24913637340068817
0.24885566532611847,176,704,
0.25394177436828613,176,705,
0.28102099895477295,176,706,
0.2541329860687256,176,707,
,176,707,0.24522241950035095
0.2445310801267624,177,708,
0.26052528619766235,177,709,
0.24132969975471497,177,710,
0.2489795982837677,177,711,
,177,711,0.2622482478618622
0.26209011673927307,178,712,
0.2335681915283203,178,713,
0.2660832703113556,178,714,
0.2760445177555084,178,715,
,178,715,0.24036626517772675
0.23915839195251465,179,716,
0.2639872431755066,179,717,
0.29509344696998596,179,718,
0.2596859931945801,179,719,
,179,719,0.2363463044166565
0.23652906715869904,180,720,
0.25475242733955383,180,721,
0.2425142526626587,180,722,
0.23475311696529388,180,723,
,180,723,0.2405519038438797
0.24063019454479218,181,724,
0.22841346263885498,181,725,
0.22422410547733307,181,726,
0.21097086369991302,181,727,
,181,727,0.22249753773212433
0.21672360599040985,182,728,
0.22982127964496613,182,729,
0.22075261175632477,182,730,
0.21526487171649933,182,731,
,182,731,0.22229242324829102
0.2198956459760666,183,732,
0.2287237048149109,183,733,
0.2206244319677353,183,734,
0.20303797721862793,183,735,
,183,735,0.20055772364139557
0.20102167129516602,184,736,
0.2013220340013504,184,737,
0.22128315269947052,184,738,
0.2250787764787674,184,739,
,184,739,0.23557214438915253
0.23381662368774414,185,740,
0.24064859747886658,185,741,
0.23599408566951752,185,742,
0.24053265154361725,185,743,
,185,743,0.24255488812923431
0.2440662980079651,186,744,
0.23358814418315887,186,745,
0.24265915155410767,186,746,
0.23701103031635284,186,747,
,186,747,0.2374916523694992
0.23898792266845703,187,748,
0.2410089522600174,187,749,
0.23545117676258087,187,750,
0.2295130491256714,187,751,
,187,751,0.24089951813220978
0.2406686693429947,188,752,
0.23437584936618805,188,753,
0.23562809824943542,188,754,
0.23796024918556213,188,755,
,188,755,0.23206667602062225
0.2322750985622406,189,756,
0.23089061677455902,189,757,
0.23212702572345734,189,758,
0.23631419241428375,189,759,
,189,759,0.23051589727401733
0.2295777052640915,190,760,
0.23041850328445435,190,761,
0.22711652517318726,190,762,
0.22936870157718658,190,763,
,190,763,0.2254534512758255
0.22473406791687012,191,764,
0.2175295650959015,191,765,
0.2174430936574936,191,766,
0.20433224737644196,191,767,
,191,767,0.18769487738609314
0.1861853450536728,192,768,
0.18523533642292023,192,769,
0.17503169178962708,192,770,
0.2266225963830948,192,771,
,192,771,0.23426464200019836
0.23836764693260193,193,772,
0.22129292786121368,193,773,
0.19682560861110687,193,774,
0.1900877207517624,193,775,
,193,775,0.19866493344306946
0.19609183073043823,194,776,
0.18595483899116516,194,777,
0.2055041790008545,194,778,
0.20082533359527588,194,779,
,194,779,0.1953195333480835
0.1886243373155594,195,780,
0.18131668865680695,195,781,
0.1779002547264099,195,782,
0.17002525925636292,195,783,
,195,783,0.2609943151473999
0.26255670189857483,196,784,
0.23986327648162842,196,785,
0.2880288064479828,196,786,
0.3402206599712372,196,787,
,196,787,0.28647664189338684
0.2872787117958069,197,788,
0.24076396226882935,197,789,
0.2618788480758667,197,790,
0.2442445456981659,197,791,
,197,791,0.25223639607429504
0.2532455623149872,198,792,
0.25707995891571045,198,793,
0.24177424609661102,198,794,
0.25155824422836304,198,795,
,198,795,0.251274049282074
0.2517120838165283,199,796,
0.24097256362438202,199,797,
0.24579350650310516,199,798,
0.2358585149049759,199,799,
,199,799,0.2449289709329605
0.24562305212020874,200,800,
0.23681923747062683,200,801,
0.24346418678760529,200,802,
0.23562946915626526,200,803,
,200,803,0.2396157681941986
0.24046185612678528,201,804,
0.24148526787757874,201,805,
0.23335865139961243,201,806,
0.23982875049114227,201,807,
,201,807,0.23713354766368866
0.2399410754442215,202,808,
0.23377381265163422,202,809,
0.23658296465873718,202,810,
0.23645895719528198,202,811,
,202,811,0.23530574142932892
0.23534654080867767,203,812,
0.23765875399112701,203,813,
0.23823770880699158,203,814,
0.2394963800907135,203,815,
,203,815,0.23659411072731018
0.23631355166435242,204,816,
0.23773816227912903,204,817,
0.23717156052589417,204,818,
0.24027283489704132,204,819,
,204,819,0.23753519356250763
0.23821178078651428,205,820,
0.23695547878742218,205,821,
0.23515638709068298,205,822,
0.2401512712240219,205,823,
,205,823,0.2366829365491867
0.23715811967849731,206,824,
0.23589320480823517,206,825,
0.23628519475460052,206,826,
0.23813511431217194,206,827,
,206,827,0.23615893721580505
0.2359469085931778,207,828,
0.23689331114292145,207,829,
0.23665255308151245,207,830,
0.23342621326446533,207,831,
,207,831,0.2357800155878067
0.23586684465408325,208,832,
0.23545701801776886,208,833,
0.23722334206104279,208,834,
0.23787210881710052,208,835,
,208,835,0.23551125824451447
0.23543807864189148,209,836,
0.2356652170419693,209,837,
0.23698148131370544,209,838,
0.23801755905151367,209,839,
,209,839,0.2354782223701477
0.23683470487594604,210,840,
0.23514530062675476,210,841,
0.23584146797657013,210,842,
0.23783662915229797,210,843,
,210,843,0.2355622798204422
0.237089604139328,211,844,
0.2356042116880417,211,845,
0.23468832671642303,211,846,
0.23816721141338348,211,847,
,211,847,0.23576921224594116
0.2359912246465683,212,848,
0.23589693009853363,212,849,
0.23591651022434235,212,850,
0.23422947525978088,212,851,
,212,851,0.23578780889511108
0.23505429923534393,213,852,
0.2369106560945511,213,853,
0.23526786267757416,213,854,
0.23635661602020264,213,855,
,213,855,0.23562034964561462
0.23714354634284973,214,856,
0.23410215973854065,214,857,
0.2356097549200058,214,858,
0.23617106676101685,214,859,
,214,859,0.23531341552734375
0.23712992668151855,215,860,
0.23551152646541595,215,861,
0.23436713218688965,215,862,
0.23256665468215942,215,863,
,215,863,0.23512226343154907
0.2373340129852295,216,864,
0.23318690061569214,216,865,
0.23582224547863007,216,866,
0.2354704737663269,216,867,
,216,867,0.23492616415023804
0.23631541430950165,217,868,
0.23465220630168915,217,869,
0.23434428870677948,217,870,
0.24034860730171204,217,871,
,217,871,0.23477981984615326
0.23485158383846283,218,872,
0.23528538644313812,218,873,
0.23484322428703308,218,874,
0.23897422850131989,218,875,
,218,875,0.23502610623836517
0.2366092950105667,219,876,
0.2341458797454834,219,877,
0.2346249669790268,219,878,
0.23614656925201416,219,879,
,219,879,0.23512277007102966
0.234725683927536,220,880,
0.23555564880371094,220,881,
0.23479938507080078,220,882,
0.23374085128307343,220,883,
,220,883,0.2346278429031372
0.23480121791362762,221,884,
0.2348068654537201,221,885,
0.23434627056121826,221,886,
0.23244522511959076,221,887,
,221,887,0.23538611829280853
0.2365691065788269,222,888,
0.24243496358394623,222,889,
0.24208085238933563,222,890,
0.2363612800836563,222,891,
,222,891,0.23911495506763458
0.24111248552799225,223,892,
0.24165686964988708,223,893,
0.23436683416366577,223,894,
0.2475844770669937,223,895,
,223,895,0.23488779366016388
0.23475715517997742,224,896,
0.24730002880096436,224,897,
0.23740273714065552,224,898,
0.25357502698898315,224,899,
,224,899,0.24925357103347778
0.2512105107307434,225,900,
0.23952960968017578,225,901,
0.23933397233486176,225,902,
0.2455662339925766,225,903,
,225,903,0.2411951869726181
0.24084405601024628,226,904,
0.24730725586414337,226,905,
0.24530601501464844,226,906,
0.24913373589515686,226,907,
,226,907,0.2385377138853073
0.23817740380764008,227,908,
0.24774454534053802,227,909,
0.24593988060951233,227,910,
0.24187316000461578,227,911,
,227,911,0.23888471722602844
0.24004721641540527,228,912,
0.24697230756282806,228,913,
0.24196641147136688,228,914,
0.24168822169303894,228,915,
,228,915,0.24115335941314697
0.24152611196041107,229,916,
0.2423117458820343,229,917,
0.24094292521476746,229,918,
0.2444787472486496,229,919,
,229,919,0.24303141236305237
0.24342720210552216,230,920,
0.24030408263206482,230,921,
0.23784427344799042,230,922,
0.25229939818382263,230,923,
,230,923,0.24456128478050232
0.24530766904354095,231,924,
0.23989488184452057,231,925,
0.23615671694278717,231,926,
0.24311073124408722,231,927,
,231,927,0.23930810391902924
0.24089203774929047,232,928,
0.2445184588432312,232,929,
0.2459350973367691,232,930,
0.235881969332695,232,931,
,232,931,0.23793232440948486
0.23650550842285156,233,932,
0.24060791730880737,233,933,
0.2405191957950592,233,934,
0.24593597650527954,233,935,
,233,935,0.24460497498512268
0.24456529319286346,234,936,
0.2381792962551117,234,937,
0.24031755328178406,234,938,
0.24273250997066498,234,939,
,234,939,0.23650521039962769
0.23660437762737274,235,940,
0.24135465919971466,235,941,
0.23465076088905334,235,942,
0.248037189245224,235,943,
,235,943,0.23917622864246368
0.24015098810195923,236,944,
0.2444939911365509,236,945,
0.24482318758964539,236,946,
0.2350834757089615,236,947,
,236,947,0.23759588599205017
0.23833966255187988,237,948,
0.23767240345478058,237,949,
0.23569700121879578,237,950,
0.2415187954902649,237,951,
,237,951,0.235915407538414
0.23619091510772705,238,952,
0.24846918880939484,238,953,
0.2451050877571106,238,954,
0.23126527667045593,238,955,
,238,955,0.23789213597774506
0.23712995648384094,239,956,
0.23683477938175201,239,957,
0.23265239596366882,239,958,
0.2380790114402771,239,959,
,239,959,0.22846965491771698
0.22812803089618683,240,960,
0.2433290332555771,240,961,
0.24519725143909454,240,962,
0.2372877448797226,240,963,
,240,963,0.2388044148683548
0.2392634153366089,241,964,
0.24250724911689758,241,965,
0.23691029846668243,241,966,
0.24704912304878235,241,967,
,241,967,0.24310444295406342
0.24318580329418182,242,968,
0.2406981885433197,242,969,
0.24118803441524506,242,970,
0.2410108745098114,242,971,
,242,971,0.23987197875976562
0.23974332213401794,243,972,
0.24437934160232544,243,973,
0.2434692531824112,243,974,
0.24205085635185242,243,975,
,243,975,0.23832041025161743
0.23867462575435638,244,976,
0.24288375675678253,244,977,
0.24002215266227722,244,978,
0.24121642112731934,244,979,
,244,979,0.2434750497341156
0.24396221339702606,245,980,
0.23848746716976166,245,981,
0.23834995925426483,245,982,
0.23920783400535583,245,983,
,245,983,0.23702365159988403
0.2378382682800293,246,984,
0.24152667820453644,246,985,
0.23987001180648804,246,986,
0.2459096759557724,246,987,
,246,987,0.24528425931930542
0.24550317227840424,247,988,
0.23701612651348114,247,989,
0.2391490936279297,247,990,
0.24057742953300476,247,991,
,247,991,0.23683959245681763
0.23835404217243195,248,992,
0.2377324402332306,248,993,
0.23387476801872253,248,994,
0.23677897453308105,248,995,
,248,995,0.23410853743553162
0.23399384319782257,249,996,
0.23698118329048157,249,997,
0.23564279079437256,249,998,
0.23588161170482635,249,999,
,249,999,0.23586061596870422
0.23554986715316772,250,1000,
0.23404988646507263,250,1001,
0.2362416535615921,250,1002,
0.23656941950321198,250,1003,
,250,1003,0.23471055924892426
0.23601335287094116,251,1004,
0.23317255079746246,251,1005,
0.2339266538619995,251,1006,
0.23905423283576965,251,1007,
,251,1007,0.23336336016654968
0.23329012095928192,252,1008,
0.23503486812114716,252,1009,
0.2336897999048233,252,1010,
0.23232047259807587,252,1011,
,252,1011,0.23341234028339386
0.233672633767128,253,1012,
0.23238277435302734,253,1013,
0.23393303155899048,253,1014,
0.2333514243364334,253,1015,
,253,1015,0.23277997970581055
0.23253771662712097,254,1016,
0.2330780178308487,254,1017,
0.23092542588710785,254,1018,
0.2326158881187439,254,1019,
,254,1019,0.23024633526802063
0.23067648708820343,255,1020,
0.23048658668994904,255,1021,
0.22780165076255798,255,1022,
0.22306974232196808,255,1023,
,255,1023,0.2349475473165512
0.23557035624980927,256,1024,
0.23284955322742462,256,1025,
0.21196787059307098,256,1026,
0.2302175909280777,256,1027,
,256,1027,0.23941171169281006
0.24174916744232178,257,1028,
0.23778384923934937,257,1029,
0.2376696616411209,257,1030,
0.2345532923936844,257,1031,
,257,1031,0.23439468443393707
0.23457221686840057,258,1032,
0.23647522926330566,258,1033,
0.23508228361606598,258,1034,
0.23789045214653015,258,1035,
,258,1035,0.2350996434688568
0.23529328405857086,259,1036,
0.23386085033416748,259,1037,
0.23552720248699188,259,1038,
0.23723261058330536,259,1039,
,259,1039,0.23508746922016144
0.23528212308883667,260,1040,
0.2348051220178604,260,1041,
0.23411215841770172,260,1042,
0.2351929396390915,260,1043,
,260,1043,0.2340259701013565
0.23329398036003113,261,1044,
0.2336679995059967,261,1045,
0.23622742295265198,261,1046,
0.23171107470989227,261,1047,
,261,1047,0.23343223333358765
0.2338019460439682,262,1048,
0.2329220026731491,262,1049,
0.2336348444223404,262,1050,
0.23505938053131104,262,1051,
,262,1051,0.23369364440441132
0.23352780938148499,263,1052,
0.23382768034934998,263,1053,
0.23319111764431,263,1054,
0.23190265893936157,263,1055,
,263,1055,0.23321206867694855
0.23294982314109802,264,1056,
0.23441864550113678,264,1057,
0.23306529223918915,264,1058,
0.2324465811252594,264,1059,
,264,1059,0.23323720693588257
0.23289866745471954,265,1060,
0.23324759304523468,265,1061,
0.23303698003292084,265,1062,
0.22996878623962402,265,1063,
,265,1063,0.23199525475502014
0.2331247627735138,266,1064,
0.23289646208286285,266,1065,
0.23312170803546906,266,1066,
0.22639912366867065,266,1067,
,266,1067,0.2318742573261261
0.23206564784049988,267,1068,
0.23177309334278107,267,1069,
0.23419015109539032,267,1070,
0.6234548687934875,267,1071,
,267,1071,0.4127362072467804
0.4282216429710388,268,1072,
0.3305915892124176,268,1073,
0.2775609493255615,268,1074,
0.30362555384635925,268,1075,
,268,1075,0.23866866528987885
0.23807393014431,269,1076,
0.29404664039611816,269,1077,
0.3101961314678192,269,1078,
0.23834434151649475,269,1079,
,269,1079,0.29478320479393005
0.29041728377342224,270,1080,
0.33439144492149353,270,1081,
0.26303666830062866,270,1082,
0.2576060891151428,270,1083,
,270,1083,0.2896857261657715
0.2991003394126892,271,1084,
0.2495645135641098,271,1085,
0.27074286341667175,271,1086,
0.3078691363334656,271,1087,
,271,1087,0.2617171108722687
0.25711342692375183,272,1088,
0.263460636138916,272,1089,
0.2967867851257324,272,1090,
0.25016626715660095,272,1091,
,272,1091,0.273223340511322
0.2776608169078827,273,1092,
0.2927061915397644,273,1093,
0.25393208861351013,273,1094,
0.2596094310283661,273,1095,
,273,1095,0.27822884917259216
0.28341108560562134,274,1096,
0.2484551966190338,274,1097,
0.2699648439884186,274,1098,
0.25441867113113403,274,1099,
,274,1099,0.2548215091228485
0.25109171867370605,275,1100,
0.25511711835861206,275,1101,
0.27548208832740784,275,1102,
0.27267131209373474,275,1103,
,275,1103,0.2535043954849243
0.24940118193626404,276,1104,
0.2580608129501343,276,1105,
0.2427665889263153,276,1106,
0.2582749128341675,276,1107,
,276,1107,0.2592679560184479
0.26659828424453735,277,1108,
0.23650719225406647,277,1109,
0.26601946353912354,277,1110,
0.2565808892250061,277,1111,
,277,1111,0.32497596740722656
0.3238224685192108,278,1112,
0.30739888548851013,278,1113,
0.24299027025699615,278,1114,
0.31125566363334656,278,1115,
,278,1115,0.33660927414894104
0.33232739567756653,279,1116,
0.2875608801841736,279,1117,
0.2476646900177002,279,1118,
0.23705050349235535,279,1119,
,279,1119,0.2694283127784729
0.27680715918540955,280,1120,
0.2598106861114502,280,1121,
0.24711376428604126,280,1122,
0.27127090096473694,280,1123,
,280,1123,0.2806762456893921
0.2699242830276489,281,1124,
0.24273672699928284,281,1125,
0.2885141670703888,281,1126,
0.3108654320240021,281,1127,
,281,1127,0.2571828365325928
0.25982579588890076,282,1128,
0.2594921886920929,282,1129,
0.28492623567581177,282,1130,
0.24911993741989136,282,1131,
,282,1131,0.24796690046787262
0.24904049932956696,283,1132,
0.2701233923435211,283,1133,
0.2422846257686615,283,1134,
0.27543529868125916,283,1135,
,283,1135,0.29654061794281006
0.2914204001426697,284,1136,
0.24699100852012634,284,1137,
0.25994056463241577,284,1138,
0.28443190455436707,284,1139,
,284,1139,0.2478579580783844
0.25315505266189575,285,1140,
0.25466445088386536,285,1141,
0.26766571402549744,285,1142,
0.24833020567893982,285,1143,
,285,1143,0.2553817331790924
0.2585439682006836,286,1144,
0.28495457768440247,286,1145,
0.2617218792438507,286,1146,
0.23836371302604675,286,1147,
,286,1147,0.25642865896224976
0.2527531087398529,287,1148,
0.24270039796829224,287,1149,
0.25509023666381836,287,1150,
0.2449154257774353,287,1151,
,287,1151,0.23528137803077698
0.2370980978012085,288,1152,
0.2566794157028198,288,1153,
0.26280874013900757,288,1154,
0.23951858282089233,288,1155,
,288,1155,0.24841968715190887
0.2565963864326477,289,1156,
0.24652892351150513,289,1157,
0.2392469197511673,289,1158,
0.23240771889686584,289,1159,
,289,1159,0.24387212097644806
0.2425304353237152,290,1160,
0.24340830743312836,290,1161,
0.24358130991458893,290,1162,
0.24333694577217102,290,1163,
,290,1163,0.23669299483299255
0.2389536201953888,291,1164,
0.236725315451622,291,1165,
0.24064256250858307,291,1166,
0.236113041639328,291,1167,
,291,1167,0.25168487429618835
0.2555335760116577,292,1168,
0.257043719291687,292,1169,
0.24315135180950165,292,1170,
0.24922187626361847,292,1171,
,292,1171,0.28316929936408997
0.285215824842453,293,1172,
0.2652720808982849,293,1173,
0.2482142150402069,293,1174,
0.24161304533481598,293,1175,
,293,1175,0.23992595076560974
0.2377016246318817,294,1176,
0.26064008474349976,294,1177,
0.2510891556739807,294,1178,
0.2399848848581314,294,1179,
,294,1179,0.25322800874710083
0.25253909826278687,295,1180,
0.24074852466583252,295,1181,
0.23918506503105164,295,1182,
0.2412148118019104,295,1183,
,295,1183,0.24403315782546997
0.2437461018562317,296,1184,
0.23911330103874207,296,1185,
0.25203391909599304,296,1186,
0.25305235385894775,296,1187,
,296,1187,0.24529649317264557
0.24641908705234528,297,1188,
0.24620282649993896,297,1189,
0.23971448838710785,297,1190,
0.24572508037090302,297,1191,
,297,1191,0.23862479627132416
0.24050472676753998,298,1192,
0.2403605729341507,298,1193,
0.23739320039749146,298,1194,
0.23658037185668945,298,1195,
,298,1195,0.24007946252822876
0.24293023347854614,299,1196,
0.24100130796432495,299,1197,
0.23740388453006744,299,1198,
0.24547670781612396,299,1199,
,299,1199,0.23634999990463257
