step,epoch,train/loss,valid/loss
0,0,8.890318870544434,
1,0,1.4028548002243042,
2,0,0.7443506121635437,
3,0,0.7304664850234985,
3,0,,0.6865085363388062
4,1,0.6959621906280518,
5,1,0.624660074710846,
6,1,0.5725135803222656,
7,1,0.5505361557006836,
7,1,,0.4058223068714142
8,2,0.40650221705436707,
9,2,0.4410363435745239,
10,2,0.47906601428985596,
11,2,0.48071762919425964,
11,2,,0.3862835168838501
12,3,0.3682384192943573,
13,3,0.31823864579200745,
14,3,0.29001161456108093,
15,3,0.3136008381843567,
15,3,,0.29476478695869446
16,4,0.2937135100364685,
17,4,0.2767351269721985,
18,4,0.2727111577987671,
19,4,0.27601900696754456,
19,4,,0.27929988503456116
20,5,0.2689439058303833,
21,5,0.256945937871933,
22,5,0.2568247318267822,
23,5,0.2448703497648239,
23,5,,0.26467540860176086
24,6,0.2583276629447937,
25,6,0.2553958594799042,
26,6,0.2560544013977051,
27,6,0.24639277160167694,
27,6,,0.24954405426979065
28,7,0.24272264540195465,
29,7,0.2463119626045227,
30,7,0.24812184274196625,
31,7,0.24981947243213654,
31,7,,0.24751518666744232
32,8,0.2434644103050232,
33,8,0.24039623141288757,
34,8,0.23714573681354523,
35,8,0.23556996881961823,
35,8,,0.24810093641281128
36,9,0.24074743688106537,
37,9,0.24137800931930542,
38,9,0.23602579534053802,
39,9,0.23454490303993225,
39,9,,0.253745436668396
40,10,0.2486756145954132,
41,10,0.25484520196914673,
42,10,0.25528621673583984,
43,10,0.26450008153915405,
43,10,,0.2361937016248703
44,11,0.22874294221401215,
45,11,0.2347358763217926,
46,11,0.2419910728931427,
47,11,0.24250245094299316,
47,11,,0.23777233064174652
48,12,0.23146860301494598,
49,12,0.23177964985370636,
50,12,0.23164387047290802,
51,12,0.2309485226869583,
51,12,,0.23448871076107025
52,13,0.22948332130908966,
53,13,0.22832447290420532,
54,13,0.23341703414916992,
55,13,0.2231164127588272,
55,13,,0.23193813860416412
56,14,0.22717685997486115,
57,14,0.22775956988334656,
58,14,0.22786475718021393,
59,14,0.23741252720355988,
59,14,,0.2295711636543274
60,15,0.2278577834367752,
61,15,0.22642603516578674,
62,15,0.22464554011821747,
63,15,0.2312726080417633,
63,15,,0.23009948432445526
64,16,0.22497771680355072,
65,16,0.22403433918952942,
66,16,0.22620411217212677,
67,16,0.2289981245994568,
67,16,,0.2264438271522522
68,17,0.22497853636741638,
69,17,0.22540974617004395,
70,17,0.22345350682735443,
71,17,0.22927552461624146,
71,17,,0.22660870850086212
72,18,0.2233167290687561,
73,18,0.2243531346321106,
74,18,0.22343359887599945,
75,18,0.22790028154850006,
75,18,,0.22761063277721405
76,19,0.22508293390274048,
77,19,0.22039689123630524,
78,19,0.22197134792804718,
79,19,0.23226085305213928,
79,19,,0.22364307940006256
80,20,0.2211642563343048,
81,20,0.22171564400196075,
82,20,0.22070273756980896,
83,20,0.22179625928401947,
83,20,,0.22405125200748444
84,21,0.22164659202098846,
85,21,0.21927577257156372,
86,21,0.22116675972938538,
87,21,0.21754370629787445,
87,21,,0.22253955900669098
88,22,0.21994788944721222,
89,22,0.21961209177970886,
90,22,0.220545694231987,
91,22,0.21689514815807343,
91,22,,0.22259482741355896
92,23,0.21987882256507874,
93,23,0.2191113978624344,
94,23,0.21944010257720947,
95,23,0.21871647238731384,
95,23,,0.22221286594867706
96,24,0.21862806379795074,
97,24,0.2180430144071579,
98,24,0.2198144942522049,
99,24,0.21936997771263123,
99,24,,0.22159162163734436
100,25,0.21564672887325287,
101,25,0.2223215103149414,
102,25,0.2184748500585556,
103,25,0.21447406709194183,
103,25,,0.22367507219314575
104,26,0.22178398072719574,
105,26,0.22435007989406586,
106,26,0.21723581850528717,
107,26,0.221443310379982,
107,26,,0.22618454694747925
108,27,0.22074539959430695,
109,27,0.22399622201919556,
110,27,0.22117191553115845,
111,27,0.22168876230716705,
111,27,,0.23304709792137146
112,28,0.2302156686782837,
113,28,0.24272781610488892,
114,28,0.24303562939167023,
115,28,0.23045556247234344,
115,28,,0.21721991896629333
116,29,0.2158227562904358,
117,29,0.2190878987312317,
118,29,0.2192510962486267,
119,29,0.21364377439022064,
119,29,,0.21896089613437653
120,30,0.21569398045539856,
121,30,0.2141614854335785,
122,30,0.21709562838077545,
123,30,0.21506212651729584,
123,30,,0.21774449944496155
124,31,0.2150229811668396,
125,31,0.21567082405090332,
126,31,0.21668606996536255,
127,31,0.215185284614563,
127,31,,0.21561665832996368
128,32,0.21318413317203522,
129,32,0.21456857025623322,
130,32,0.21504449844360352,
131,32,0.215097576379776,
131,32,,0.21597233414649963
132,33,0.21211457252502441,
133,33,0.21622052788734436,
134,33,0.21355774998664856,
135,33,0.21174027025699615,
135,33,,0.21818026900291443
136,34,0.21435289084911346,
137,34,0.22105690836906433,
138,34,0.21457472443580627,
139,34,0.21151557564735413,
139,34,,0.21919304132461548
140,35,0.21522462368011475,
141,35,0.22609323263168335,
142,35,0.2222428023815155,
143,35,0.20875151455402374,
143,35,,0.21337325870990753
144,36,0.21137908101081848,
145,36,0.21187879145145416,
146,36,0.2149994671344757,
147,36,0.21448537707328796,
147,36,,0.21244600415229797
148,37,0.21056319773197174,
149,37,0.2083815038204193,
150,37,0.21505066752433777,
151,37,0.21177905797958374,
151,37,,0.2113519161939621
152,38,0.20819787681102753,
153,38,0.20996512472629547,
154,38,0.21066099405288696,
155,38,0.21153412759304047,
155,38,,0.21228764951229095
156,39,0.20805829763412476,
157,39,0.21030983328819275,
158,39,0.21089747548103333,
159,39,0.21040526032447815,
159,39,,0.2109432965517044
160,40,0.20966297388076782,
161,40,0.21487808227539062,
162,40,0.20751504600048065,
163,40,0.2056063562631607,
163,40,,0.2102639377117157
164,41,0.20958879590034485,
165,41,0.20772385597229004,
166,41,0.20611752569675446,
167,41,0.2063971757888794,
167,41,,0.20714491605758667
168,42,0.20500893890857697,
169,42,0.20497086644172668,
170,42,0.20448678731918335,
171,42,0.20942439138889313,
171,42,,0.20691074430942535
172,43,0.20726515352725983,
173,43,0.2049400359392166,
174,43,0.20365025103092194,
175,43,0.20311518013477325,
175,43,,0.21287862956523895
176,44,0.20770585536956787,
177,44,0.20622415840625763,
178,44,0.20176808536052704,
179,44,0.20003724098205566,
179,44,,0.20334210991859436
180,45,0.20398899912834167,
181,45,0.20060159265995026,
182,45,0.20650926232337952,
183,45,0.19477799534797668,
183,45,,0.20068731904029846
184,46,0.19851404428482056,
185,46,0.20698301494121552,
186,46,0.20394958555698395,
187,46,0.19441021978855133,
187,46,,0.20489758253097534
188,47,0.19850748777389526,
189,47,0.19784903526306152,
190,47,0.200363427400589,
191,47,0.20337770879268646,
191,47,,0.19765518605709076
192,48,0.1964583843946457,
193,48,0.2101634293794632,
194,48,0.21902720630168915,
195,48,0.19968876242637634,
195,48,,0.1960827112197876
196,49,0.19572177529335022,
197,49,0.2062709778547287,
198,49,0.19904719293117523,
199,49,0.19207145273685455,
199,49,,0.19787177443504333
200,50,0.1938377469778061,
201,50,0.19311274588108063,
202,50,0.1928158700466156,
203,50,0.19323307275772095,
203,50,,0.19452328979969025
204,51,0.1926502138376236,
205,51,0.19303014874458313,
206,51,0.19032904505729675,
207,51,0.18843579292297363,
207,51,,0.19367486238479614
208,52,0.1913587749004364,
209,52,0.19067606329917908,
210,52,0.1901179850101471,
211,52,0.19118976593017578,
211,52,,0.1906917244195938
212,53,0.18807803094387054,
213,53,0.1922447234392166,
214,53,0.18775613605976105,
215,53,0.18928177654743195,
215,53,,0.1894659548997879
216,54,0.1861714869737625,
217,54,0.19263602793216705,
218,54,0.18655630946159363,
219,54,0.17550110816955566,
219,54,,0.18738439679145813
220,55,0.186616450548172,
221,55,0.18841612339019775,
222,55,0.18742986023426056,
223,55,0.1989174485206604,
223,55,,0.21121257543563843
224,56,0.20914840698242188,
225,56,0.19068622589111328,
226,56,0.19865204393863678,
227,56,0.22078728675842285,
227,56,,0.20288905501365662
228,57,0.19882160425186157,
229,57,0.18629205226898193,
230,57,0.19061289727687836,
231,57,0.18362413346767426,
231,57,,0.2046625018119812
232,58,0.20154470205307007,
233,58,0.21008288860321045,
234,58,0.1916854977607727,
235,58,0.18774999678134918,
235,58,,0.18847236037254333
236,59,0.18891850113868713,
237,59,0.18427954614162445,
238,59,0.18686869740486145,
239,59,0.1843085139989853,
239,59,,0.19268620014190674
240,60,0.19354954361915588,
241,60,0.1934095025062561,
242,60,0.1851004958152771,
243,60,0.18153665959835052,
243,60,,0.20279482007026672
244,61,0.20091870427131653,
245,61,0.18951331079006195,
246,61,0.18427912890911102,
247,61,0.18847061693668365,
247,61,,0.1841423362493515
248,62,0.1830483078956604,
249,62,0.18931788206100464,
250,62,0.18847592175006866,
251,62,0.1821526437997818,
251,62,,0.19583047926425934
252,63,0.19775724411010742,
253,63,0.21370774507522583,
254,63,0.1992352455854416,
255,63,0.18286819756031036,
255,63,,0.18857985734939575
256,64,0.18428552150726318,
257,64,0.1856989562511444,
258,64,0.18449531495571136,
259,64,0.1866220235824585,
259,64,,0.1830451339483261
260,65,0.1791110783815384,
261,65,0.17949078977108002,
262,65,0.18111756443977356,
263,65,0.18450333178043365,
263,65,,0.18171560764312744
264,66,0.1815185546875,
265,66,0.176377534866333,
266,66,0.18003447353839874,
267,66,0.18624386191368103,
267,66,,0.17974220216274261
268,67,0.1805344521999359,
269,67,0.17825812101364136,
270,67,0.17678824067115784,
271,67,0.17498379945755005,
271,67,,0.17766979336738586
272,68,0.17720717191696167,
273,68,0.17643366754055023,
274,68,0.17754632234573364,
275,68,0.18327435851097107,
275,68,,0.17828796803951263
276,69,0.1765460968017578,
277,69,0.17749488353729248,
278,69,0.172495037317276,
279,69,0.18349386751651764,
279,69,,0.17667436599731445
280,70,0.1760038584470749,
281,70,0.17613564431667328,
282,70,0.17393659055233002,
283,70,0.17490577697753906,
283,70,,0.1750345230102539
284,71,0.1731378436088562,
285,71,0.17572161555290222,
286,71,0.17457713186740875,
287,71,0.171596497297287,
287,71,,0.1738971769809723
288,72,0.17085802555084229,
289,72,0.1736208200454712,
290,72,0.17658179998397827,
291,72,0.16445988416671753,
291,72,,0.17286479473114014
292,73,0.16978654265403748,
293,73,0.17694182693958282,
294,73,0.17696864902973175,
295,73,0.16566632688045502,
295,73,,0.19027602672576904
296,74,0.19654959440231323,
297,74,0.2079109251499176,
298,74,0.1866885870695114,
299,74,0.16807249188423157,
299,74,,0.17135639488697052
300,75,0.16948053240776062,
301,75,0.1684872955083847,
302,75,0.1677258163690567,
303,75,0.16225944459438324,
303,75,,0.1699720025062561
304,76,0.16779549419879913,
305,76,0.1668701469898224,
306,76,0.16714352369308472,
307,76,0.1547892540693283,
307,76,,0.1790389120578766
308,77,0.1719735562801361,
309,77,0.17127536237239838,
310,77,0.1676819771528244,
311,77,0.17295295000076294,
311,77,,0.1662272959947586
312,78,0.16543620824813843,
313,78,0.16873201727867126,
314,78,0.1625176966190338,
315,78,0.1695176512002945,
315,78,,0.17650550603866577
316,79,0.17751941084861755,
317,79,0.1644410490989685,
318,79,0.17310582101345062,
319,79,0.17068281769752502,
319,79,,0.17418843507766724
320,80,0.17010371387004852,
321,80,0.16144627332687378,
322,80,0.1642945110797882,
323,80,0.1674431562423706,
323,80,,0.16800729930400848
324,81,0.16180312633514404,
325,81,0.16257484257221222,
326,81,0.16899725794792175,
327,81,0.17331641912460327,
327,81,,0.16264919936656952
328,82,0.1605786830186844,
329,82,0.164571151137352,
330,82,0.16796323657035828,
331,82,0.14946810901165009,
331,82,,0.16154110431671143
332,83,0.16150213778018951,
333,83,0.16697561740875244,
334,83,0.16233594715595245,
335,83,0.1470893919467926,
335,83,,0.1617613285779953
336,84,0.16029764711856842,
337,84,0.16136512160301208,
338,84,0.15739542245864868,
339,84,0.15696781873703003,
339,84,,0.159809872508049
340,85,0.16076526045799255,
341,85,0.15624989569187164,
342,85,0.15806269645690918,
343,85,0.1678638905286789,
343,85,,0.16042228043079376
344,86,0.15799307823181152,
345,86,0.15685465931892395,
346,86,0.15624579787254333,
347,86,0.154948890209198,
347,86,,0.1627504676580429
348,87,0.15505863726139069,
349,87,0.15833276510238647,
350,87,0.15907123684883118,
351,87,0.16392679512500763,
351,87,,0.1550435870885849
352,88,0.15006941556930542,
353,88,0.16347691416740417,
354,88,0.167806014418602,
355,88,0.15770334005355835,
355,88,,0.1579362452030182
356,89,0.15710961818695068,
357,89,0.16779886186122894,
358,89,0.15870852768421173,
359,89,0.15526242554187775,
359,89,,0.15922006964683533
360,90,0.15514975786209106,
361,90,0.1505611389875412,
362,90,0.15410132706165314,
363,90,0.15856492519378662,
363,90,,0.15319544076919556
364,91,0.1489727646112442,
365,91,0.14960336685180664,
366,91,0.15213850140571594,
367,91,0.15096762776374817,
367,91,,0.15969090163707733
368,92,0.15449315309524536,
369,92,0.1556556522846222,
370,92,0.14658349752426147,
371,92,0.15091268718242645,
371,92,,0.15260596573352814
372,93,0.15383952856063843,
373,93,0.14832806587219238,
374,93,0.1561637669801712,
375,93,0.14999337494373322,
375,93,,0.14919224381446838
376,94,0.14350664615631104,
377,94,0.1601637452840805,
378,94,0.1774166077375412,
379,94,0.17320795357227325,
379,94,,0.14831463992595673
380,95,0.14521273970603943,
381,95,0.1577928215265274,
382,95,0.163969025015831,
383,95,0.1438416689634323,
383,95,,0.14686964452266693
384,96,0.1484912484884262,
385,96,0.15967997908592224,
386,96,0.18969029188156128,
387,96,0.17293791472911835,
387,96,,0.14858625829219818
388,97,0.148150235414505,
389,97,0.1513577699661255,
390,97,0.16319376230239868,
391,97,0.15224483609199524,
391,97,,0.15317177772521973
392,98,0.14949718117713928,
393,98,0.1472865343093872,
394,98,0.15284110605716705,
395,98,0.14498284459114075,
395,98,,0.15455497801303864
396,99,0.14799073338508606,
397,99,0.14425794780254364,
398,99,0.1540013551712036,
399,99,0.175253763794899,
399,99,,0.14859692752361298
400,100,0.14581836760044098,
401,100,0.1483527570962906,
402,100,0.14777551591396332,
403,100,0.14063364267349243,
403,100,,0.1483505368232727
404,101,0.14806172251701355,
405,101,0.14112649857997894,
406,101,0.15055646002292633,
407,101,0.14192764461040497,
407,101,,0.15021486580371857
408,102,0.14710406959056854,
409,102,0.1461338847875595,
410,102,0.14573505520820618,
411,102,0.14166569709777832,
411,102,,0.14086759090423584
412,103,0.13987229764461517,
413,103,0.140323668718338,
414,103,0.1359563171863556,
415,103,0.1376166194677353,
415,103,,0.14529484510421753
416,104,0.150178462266922,
417,104,0.14701208472251892,
418,104,0.13678261637687683,
419,104,0.1490713208913803,
419,104,,0.16386595368385315
420,105,0.16396619379520416,
421,105,0.14333811402320862,
422,105,0.13917212188243866,
423,105,0.15699732303619385,
423,105,,0.15709011256694794
424,106,0.1605764776468277,
425,106,0.14986272156238556,
426,106,0.13649706542491913,
427,106,0.13731779158115387,
427,106,,0.15525448322296143
428,107,0.1581011712551117,
429,107,0.1423986703157425,
430,107,0.13302390277385712,
431,107,0.1527450680732727,
431,107,,0.14914213120937347
432,108,0.14334267377853394,
433,108,0.13759906589984894,
434,108,0.14131809771060944,
435,108,0.13911588490009308,
435,108,,0.1370701789855957
436,109,0.1352171152830124,
437,109,0.14019301533699036,
438,109,0.13749141991138458,
439,109,0.1194130927324295,
439,109,,0.13951095938682556
440,110,0.13595102727413177,
441,110,0.14214065670967102,
442,110,0.13299383223056793,
443,110,0.13683176040649414,
443,110,,0.14585979282855988
444,111,0.1426352858543396,
445,111,0.13646134734153748,
446,111,0.13220669329166412,
447,111,0.12919782102108002,
447,111,,0.13490773737430573
448,112,0.1292998045682907,
449,112,0.133668914437294,
450,112,0.13372796773910522,
451,112,0.12564986944198608,
451,112,,0.13742193579673767
452,113,0.13521955907344818,
453,113,0.13187885284423828,
454,113,0.1372230350971222,
455,113,0.12927988171577454,
455,113,,0.13634048402309418
456,114,0.1322343498468399,
457,114,0.13392767310142517,
458,114,0.13003554940223694,
459,114,0.12600131332874298,
459,114,,0.13073280453681946
460,115,0.1287016123533249,
461,115,0.13066619634628296,
462,115,0.128847137093544,
463,115,0.12036585062742233,
463,115,,0.14005161821842194
464,116,0.13071319460868835,
465,116,0.13916607201099396,
466,116,0.13711224496364594,
467,116,0.13967370986938477,
467,116,,0.13694439828395844
468,117,0.13625748455524445,
469,117,0.1358332633972168,
470,117,0.1246999055147171,
471,117,0.13790982961654663,
471,117,,0.1385779082775116
472,118,0.14189490675926208,
473,118,0.13138443231582642,
474,118,0.12624891102313995,
475,118,0.14838653802871704,
475,118,,0.14544014632701874
476,119,0.141123428940773,
477,119,0.13011611998081207,
478,119,0.12291229516267776,
479,119,0.12552510201931,
479,119,,0.1373848170042038
480,120,0.13671457767486572,
481,120,0.13158251345157623,
482,120,0.12230503559112549,
483,120,0.14786076545715332,
483,120,,0.14170265197753906
484,121,0.13862204551696777,
485,121,0.12776020169258118,
486,121,0.12516340613365173,
487,121,0.12535300850868225,
487,121,,0.13011956214904785
488,122,0.1302294135093689,
489,122,0.12442552298307419,
490,122,0.12783682346343994,
491,122,0.11285430192947388,
491,122,,0.12285984307527542
492,123,0.12371445447206497,
493,123,0.12770992517471313,
494,123,0.12642857432365417,
495,123,0.1263207644224167,
495,123,,0.12204395234584808
496,124,0.12071279436349869,
497,124,0.12596145272254944,
498,124,0.12016423791646957,
499,124,0.12774977087974548,
499,124,,0.1290595978498459
500,125,0.12635593116283417,
501,125,0.12947067618370056,
502,125,0.12553256750106812,
503,125,0.12396113574504852,
503,125,,0.13305115699768066
504,126,0.12754230201244354,
505,126,0.13135190308094025,
506,126,0.12600767612457275,
507,126,0.12191585451364517,
507,126,,0.13021822273731232
508,127,0.12795206904411316,
509,127,0.12858723104000092,
510,127,0.12246114015579224,
511,127,0.12585708498954773,
511,127,,0.14456526935100555
512,128,0.1414918452501297,
513,128,0.13368448615074158,
514,128,0.12262451648712158,
515,128,0.11609131097793579,
515,128,,0.1311737596988678
516,129,0.13047708570957184,
517,129,0.13302475214004517,
518,129,0.12725293636322021,
519,129,0.11111441254615784,
519,129,,0.11865673214197159
520,130,0.11837483942508698,
521,130,0.12646415829658508,
522,130,0.1269448846578598,
523,130,0.10980266332626343,
523,130,,0.11914853006601334
524,131,0.11807001382112503,
525,131,0.1192500963807106,
526,131,0.12145523726940155,
527,131,0.1233091950416565,
527,131,,0.12916776537895203
528,132,0.12899716198444366,
529,132,0.13514962792396545,
530,132,0.12752145528793335,
531,132,0.11212357878684998,
531,132,,0.12243688851594925
532,133,0.12298877537250519,
533,133,0.12995491921901703,
534,133,0.11977875232696533,
535,133,0.12170656770467758,
535,133,,0.13673950731754303
536,134,0.1315613090991974,
537,134,0.15916407108306885,
538,134,0.16471920907497406,
539,134,0.14967910945415497,
539,134,,0.12149760127067566
540,135,0.11927040666341782,
541,135,0.11773810535669327,
542,135,0.12430662661790848,
543,135,0.12650832533836365,
543,135,,0.12471239268779755
544,136,0.1195029690861702,
545,136,0.11564034223556519,
546,136,0.11797890812158585,
547,136,0.11635353416204453,
547,136,,0.11707058548927307
548,137,0.11461729556322098,
549,137,0.11492057144641876,
550,137,0.11172308772802353,
551,137,0.10599977523088455,
551,137,,0.11743968725204468
552,138,0.11789842694997787,
553,138,0.11656264215707779,
554,138,0.11068370938301086,
555,138,0.10619368404150009,
555,138,,0.11362190544605255
556,139,0.10846617072820663,
557,139,0.11362142860889435,
558,139,0.10880883038043976,
559,139,0.11331049352884293,
559,139,,0.11157979816198349
560,140,0.10875046998262405,
561,140,0.11163487285375595,
562,140,0.11095202714204788,
563,140,0.11815284937620163,
563,140,,0.10981974005699158
564,141,0.10914052277803421,
565,141,0.10465146601200104,
566,141,0.10723307728767395,
567,141,0.11655312776565552,
567,141,,0.11399026215076447
568,142,0.10694706439971924,
569,142,0.10928776860237122,
570,142,0.10475286096334457,
571,142,0.10830529034137726,
571,142,,0.10634902864694595
572,143,0.1038283109664917,
573,143,0.10608723759651184,
574,143,0.10244223475456238,
575,143,0.10220120847225189,
575,143,,0.1095324456691742
576,144,0.10758166760206223,
577,144,0.10816066712141037,
578,144,0.1055157408118248,
579,144,0.10976150631904602,
579,144,,0.10962841659784317
580,145,0.10834096372127533,
581,145,0.10536222159862518,
582,145,0.10162387043237686,
583,145,0.09592628479003906,
583,145,,0.10249696671962738
584,146,0.10117541998624802,
585,146,0.10472381860017776,
586,146,0.10005634278059006,
587,146,0.10408466309309006,
587,146,,0.10333362221717834
588,147,0.10508657991886139,
589,147,0.09952973574399948,
590,147,0.10171352326869965,
591,147,0.09378068894147873,
591,147,,0.10167264193296432
592,148,0.10216820240020752,
593,148,0.10022293776273727,
594,148,0.09930174052715302,
595,148,0.10353174805641174,
595,148,,0.09962545335292816
596,149,0.0990191102027893,
597,149,0.10210172086954117,
598,149,0.09883006662130356,
599,149,0.1005302369594574,
599,149,,0.09901335090398788
600,150,0.09556765854358673,
601,150,0.09489636868238449,
602,150,0.09913203865289688,
603,150,0.09591566771268845,
603,150,,0.09754687547683716
604,151,0.10006598383188248,
605,151,0.09663388878107071,
606,151,0.09782889485359192,
607,151,0.09495975822210312,
607,151,,0.09740833938121796
608,152,0.09525769203901291,
609,152,0.09516642987728119,
610,152,0.10337919741868973,
611,152,0.08109498023986816,
611,152,,0.09476511180400848
612,153,0.09264077246189117,
613,153,0.09907152503728867,
614,153,0.09281578660011292,
615,153,0.10549689084291458,
615,153,,0.12055011093616486
616,154,0.11613000929355621,
617,154,0.10367042571306229,
618,154,0.09363506734371185,
619,154,0.10313636064529419,
619,154,,0.097184918820858
620,155,0.09878145158290863,
621,155,0.09147076308727264,
622,155,0.09463147073984146,
623,155,0.09297466278076172,
623,155,,0.09355860948562622
624,156,0.09194788336753845,
625,156,0.09464626014232635,
626,156,0.0922795981168747,
627,156,0.07474379986524582,
627,156,,0.09319862723350525
628,157,0.09233582764863968,
629,157,0.09113650768995285,
630,157,0.08676812797784805,
631,157,0.09732109308242798,
631,157,,0.09491056203842163
632,158,0.09367023408412933,
633,158,0.0928882285952568,
634,158,0.09302148222923279,
635,158,0.09186211228370667,
635,158,,0.0913875550031662
636,159,0.09083206206560135,
637,159,0.08973047137260437,
638,159,0.08666855841875076,
639,159,0.08587159961462021,
639,159,,0.09081478416919708
640,160,0.09371160715818405,
641,160,0.08823186159133911,
642,160,0.08564163744449615,
643,160,0.08937762677669525,
643,160,,0.12446898221969604
644,161,0.11917190998792648,
645,161,0.13991695642471313,
646,161,0.11613816767930984,
647,161,0.08319205045700073,
647,161,,0.0935087576508522
648,162,0.09385953098535538,
649,162,0.10137861222028732,
650,162,0.09786859899759293,
651,162,0.08898715674877167,
651,162,,0.09775558114051819
652,163,0.0986168161034584,
653,163,0.1242426335811615,
654,163,0.11576139181852341,
655,163,0.09767211973667145,
655,163,,0.0868176817893982
656,164,0.08620108664035797,
657,164,0.09672658890485764,
658,164,0.0961296558380127,
659,164,0.10051912069320679,
659,164,,0.08588550239801407
660,165,0.0831475779414177,
661,165,0.10052350163459778,
662,165,0.12579448521137238,
663,165,0.10248907655477524,
663,165,,0.09271083027124405
664,166,0.09105609357357025,
665,166,0.08348836749792099,
666,166,0.09197691082954407,
667,166,0.1054304838180542,
667,166,,0.08630361407995224
668,167,0.08843734860420227,
669,167,0.0834067091345787,
670,167,0.09010206162929535,
671,167,0.08106565475463867,
671,167,,0.08297571539878845
672,168,0.08280806243419647,
673,168,0.08693079650402069,
674,168,0.0825711116194725,
675,168,0.07529620826244354,
675,168,,0.08607400953769684
676,169,0.07996176928281784,
677,169,0.08378231525421143,
678,169,0.08144046366214752,
679,169,0.08933272957801819,
679,169,,0.08663151413202286
680,170,0.08534324169158936,
681,170,0.0814613625407219,
682,170,0.07633349299430847,
683,170,0.08644787967205048,
683,170,,0.09750077873468399
684,171,0.09277702867984772,
685,171,0.08522163331508636,
686,171,0.07203541696071625,
687,171,0.09813562035560608,
687,171,,0.08866634964942932
688,172,0.08936664462089539,
689,172,0.0824422612786293,
690,172,0.078260637819767,
691,172,0.08128510415554047,
691,172,,0.08743330836296082
692,173,0.08639229834079742,
693,173,0.07947396486997604,
694,173,0.07730208337306976,
695,173,0.0853496864438057,
695,173,,0.0864851251244545
696,174,0.08225677162408829,
697,174,0.0787339136004448,
698,174,0.07674466073513031,
699,174,0.10748986899852753,
699,174,,0.0901055783033371
700,175,0.09004278481006622,
701,175,0.07625072449445724,
702,175,0.0745839849114418,
703,175,0.08483345806598663,
703,175,,0.08041636645793915
704,176,0.08503551036119461,
705,176,0.06711312383413315,
706,176,0.08782295882701874,
707,176,0.1046602800488472,
707,176,,0.09418202191591263
708,177,0.09178876876831055,
709,177,0.0760323628783226,
710,177,0.07727982103824615,
711,177,0.09142421931028366,
711,177,,0.07737182080745697
712,178,0.07561595737934113,
713,178,0.07168341428041458,
714,178,0.07595343887805939,
715,178,0.08153346925973892,
715,178,,0.07366206496953964
716,179,0.07051515579223633,
717,179,0.07253818213939667,
718,179,0.0734216645359993,
719,179,0.07647326588630676,
719,179,,0.07446464896202087
720,180,0.07217845320701599,
721,180,0.07329390197992325,
722,180,0.07344302535057068,
723,180,0.0763908103108406,
723,180,,0.07165137678384781
724,181,0.07080194354057312,
725,181,0.06762827187776566,
726,181,0.06897082924842834,
727,181,0.07905374467372894,
727,181,,0.07208873331546783
728,182,0.07107547670602798,
729,182,0.0695277601480484,
730,182,0.06482930481433868,
731,182,0.06339112669229507,
731,182,,0.06972894817590714
732,183,0.06988511979579926,
733,183,0.06698320060968399,
734,183,0.06787728518247604,
735,183,0.06554855406284332,
735,183,,0.07429684698581696
736,184,0.07571519166231155,
737,184,0.07692862302064896,
738,184,0.07440294325351715,
739,184,0.06286557763814926,
739,184,,0.06587602198123932
740,185,0.06661196798086166,
741,185,0.07195591181516647,
742,185,0.07053883373737335,
743,185,0.07927530258893967,
743,185,,0.07006388157606125
744,186,0.0700182318687439,
745,186,0.07128898054361343,
746,186,0.07196340709924698,
747,186,0.06023096293210983,
747,186,,0.0769958570599556
748,187,0.07792367041110992,
749,187,0.07240795344114304,
750,187,0.07397320866584778,
751,187,0.06331387162208557,
751,187,,0.06417597830295563
752,188,0.06281531602144241,
753,188,0.06485757976770401,
754,188,0.06617902219295502,
755,188,0.060233935713768005,
755,188,,0.06804364174604416
756,189,0.0665554478764534,
757,189,0.06596100330352783,
758,189,0.06355178356170654,
759,189,0.06741196662187576,
759,189,,0.07164113223552704
760,190,0.06818951666355133,
761,190,0.056482285261154175,
762,190,0.07203477621078491,
763,190,0.0838591456413269,
763,190,,0.07174843549728394
764,191,0.07155339419841766,
765,191,0.05938424915075302,
766,191,0.06827748566865921,
767,191,0.09678275138139725,
767,191,,0.0814647376537323
768,192,0.07665306329727173,
769,192,0.06050751730799675,
770,192,0.0641278326511383,
771,192,0.067354716360569,
771,192,,0.061956409364938736
772,193,0.06465921550989151,
773,193,0.06041295826435089,
774,193,0.06593820452690125,
775,193,0.0662931278347969,
775,193,,0.059217482805252075
776,194,0.0565045066177845,
777,194,0.06366229802370071,
778,194,0.07166493684053421,
779,194,0.06106981262564659,
779,194,,0.06092903017997742
780,195,0.05757519602775574,
781,195,0.06591153144836426,
782,195,0.05751916766166687,
783,195,0.055203355848789215,
783,195,,0.058596692979335785
784,196,0.05737130716443062,
785,196,0.06753421574831009,
786,196,0.0607781782746315,
787,196,0.055949531495571136,
787,196,,0.0781964436173439
788,197,0.07149501144886017,
789,197,0.08695267140865326,
790,197,0.07419072091579437,
791,197,0.05804215744137764,
791,197,,0.06576884537935257
792,198,0.0689917653799057,
793,198,0.0825263112783432,
794,198,0.0824684202671051,
795,198,0.0555344820022583,
795,198,,0.06395214796066284
796,199,0.06318394839763641,
797,199,0.07409917563199997,
798,199,0.06706102937459946,
799,199,0.06187569722533226,
799,199,,0.061108678579330444
800,200,0.06257293373346329,
801,200,0.07050894945859909,
802,200,0.05925064533948898,
803,200,0.050918880850076675,
803,200,,0.057733774185180664
804,201,0.05408231541514397,
805,201,0.0518411286175251,
806,201,0.054734110832214355,
807,201,0.04712734371423721,
807,201,,0.0535358302295208
808,202,0.04855766519904137,
809,202,0.05581023544073105,
810,202,0.05414537340402603,
811,202,0.05321753770112991,
811,202,,0.0546676442027092
812,203,0.054802484810352325,
813,203,0.05327882617712021,
814,203,0.04919486120343208,
815,203,0.053494445979595184,
815,203,,0.052208367735147476
816,204,0.05134006589651108,
817,204,0.049788109958171844,
818,204,0.05293397605419159,
819,204,0.04719537869095802,
819,204,,0.0502094142138958
820,205,0.04702809080481529,
821,205,0.05138927325606346,
822,205,0.05316026136279106,
823,205,0.04747159034013748,
823,205,,0.04985339194536209
824,206,0.050345528870821,
825,206,0.045865435153245926,
826,206,0.04890749603509903,
827,206,0.06134038046002388,
827,206,,0.04810495674610138
828,207,0.04625397548079491,
829,207,0.04480811208486557,
830,207,0.051211144775152206,
831,207,0.046358101069927216,
831,207,,0.053421501070261
832,208,0.054938189685344696,
833,208,0.05031821131706238,
834,208,0.05024256929755211,
835,208,0.05754340440034866,
835,208,,0.05215601623058319
836,209,0.05380760505795479,
837,209,0.04964633658528328,
838,209,0.04685811325907707,
839,209,0.051532234996557236,
839,209,,0.04753278195858002
840,210,0.04799877107143402,
841,210,0.04365597292780876,
842,210,0.04677833616733551,
843,210,0.05002540722489357,
843,210,,0.046352166682481766
844,211,0.048272036015987396,
845,211,0.04539373889565468,
846,211,0.043606627732515335,
847,211,0.04061325639486313,
847,211,,0.04396393150091171
848,212,0.04418903589248657,
849,212,0.04407251626253128,
850,212,0.049061525613069534,
851,212,0.03745266795158386,
851,212,,0.052300941199064255
852,213,0.05656664818525314,
853,213,0.05864987522363663,
854,213,0.0523327961564064,
855,213,0.04546769708395004,
855,213,,0.05688612163066864
856,214,0.052401065826416016,
857,214,0.06525684893131256,
858,214,0.06368962675333023,
859,214,0.07879703491926193,
859,214,,0.048397377133369446
860,215,0.049177106469869614,
861,215,0.04047258943319321,
862,215,0.055821508169174194,
863,215,0.04843286797404289,
863,215,,0.04101454094052315
864,216,0.039593882858753204,
865,216,0.05252974107861519,
866,216,0.051954690366983414,
867,216,0.04809654504060745,
867,216,,0.04766223579645157
868,217,0.04513269290328026,
869,217,0.0536191500723362,
870,217,0.05342002585530281,
871,217,0.03329349309206009,
871,217,,0.046071041375398636
872,218,0.04543666914105415,
873,218,0.04741065576672554,
874,218,0.0451153926551342,
875,218,0.06009936332702637,
875,218,,0.04716950282454491
876,219,0.04692404344677925,
877,219,0.041343674063682556,
878,219,0.04045327752828598,
879,219,0.04206094518303871,
879,219,,0.043006401509046555
880,220,0.04300808161497116,
881,220,0.03708941489458084,
882,220,0.04087918996810913,
883,220,0.04370900243520737,
883,220,,0.04142718017101288
884,221,0.0384814515709877,
885,221,0.04060211777687073,
886,221,0.0422540046274662,
887,221,0.042089223861694336,
887,221,,0.04001258686184883
888,222,0.03765808418393135,
889,222,0.03753640875220299,
890,222,0.03922034800052643,
891,222,0.03518186882138252,
891,222,,0.03799205645918846
892,223,0.03749937564134598,
893,223,0.04113489389419556,
894,223,0.043257761746644974,
895,223,0.032995421439409256,
895,223,,0.03657323867082596
896,224,0.036791734397411346,
897,224,0.034792955964803696,
898,224,0.037519097328186035,
899,224,0.034828487783670425,
899,224,,0.0370309017598629
900,225,0.035953324288129807,
901,225,0.03297926485538483,
902,225,0.03866012394428253,
903,225,0.04454833269119263,
903,225,,0.03839661926031113
904,226,0.03672853857278824,
905,226,0.037241555750370026,
906,226,0.03665478900074959,
907,226,0.03294973820447922,
907,226,,0.0375557616353035
908,227,0.03956907242536545,
909,227,0.034709349274635315,
910,227,0.03257618099451065,
911,227,0.032372139394283295,
911,227,,0.033487625420093536
912,228,0.03163204714655876,
913,228,0.03539249300956726,
914,228,0.03431834653019905,
915,228,0.03371600806713104,
915,228,,0.04073379188776016
916,229,0.039909813553094864,
917,229,0.03589120879769325,
918,229,0.03606551140546799,
919,229,0.04641387239098549,
919,229,,0.03878568112850189
920,230,0.038465678691864014,
921,230,0.03415888175368309,
922,230,0.03374473750591278,
923,230,0.03376033157110214,
923,230,,0.0433984138071537
924,231,0.04315207153558731,
925,231,0.04844719171524048,
926,231,0.042025353759527206,
927,231,0.03169983625411987,
927,231,,0.03395653888583183
928,232,0.03318196162581444,
929,232,0.032532576471567154,
930,232,0.031522683799266815,
931,232,0.030796367675065994,
931,232,,0.033129386603832245
932,233,0.03154947981238365,
933,233,0.033752936869859695,
934,233,0.029818328097462654,
935,233,0.03636167198419571,
935,233,,0.04444517940282822
936,234,0.04527457803487778,
937,234,0.03858835622668266,
938,234,0.029194068163633347,
939,234,0.03180845454335213,
939,234,,0.034177642315626144
940,235,0.03536495193839073,
941,235,0.031173603609204292,
942,235,0.029914116486907005,
943,235,0.03583965450525284,
943,235,,0.04595111683011055
944,236,0.04129629209637642,
945,236,0.05553683266043663,
946,236,0.03904906287789345,
947,236,0.03162078559398651,
947,236,,0.037173494696617126
948,237,0.03807014599442482,
949,237,0.035990845412015915,
950,237,0.034130632877349854,
951,237,0.038349635899066925,
951,237,,0.03327934443950653
952,238,0.033437129110097885,
953,238,0.029949475079774857,
954,238,0.033208854496479034,
955,238,0.026504140347242355,
955,238,,0.03364739939570427
956,239,0.03266950696706772,
957,239,0.03136413171887398,
958,239,0.030569732189178467,
959,239,0.03352951630949974,
959,239,,0.030570777133107185
960,240,0.029492292553186417,
961,240,0.028656601905822754,
962,240,0.03324168920516968,
963,240,0.026521500200033188,
963,240,,0.030092017725110054
964,241,0.029129324480891228,
965,241,0.027373965829610825,
966,241,0.03127208724617958,
967,241,0.024795446544885635,
967,241,,0.027815785259008408
968,242,0.024744393303990364,
969,242,0.029289662837982178,
970,242,0.030548451468348503,
971,242,0.030461953952908516,
971,242,,0.028526172041893005
972,243,0.026656731963157654,
973,243,0.024976709857583046,
974,243,0.028826283290982246,
975,243,0.025787197053432465,
975,243,,0.03531159833073616
976,244,0.03761503845453262,
977,244,0.03544843941926956,
978,244,0.028237000107765198,
979,244,0.04034097120165825,
979,244,,0.03922529146075249
980,245,0.03984900563955307,
981,245,0.0395585261285305,
982,245,0.03126712515950203,
983,245,0.03179755061864853,
983,245,,0.029853230342268944
984,246,0.02950148656964302,
985,246,0.0337301604449749,
986,246,0.02876313216984272,
987,246,0.02501419186592102,
987,246,,0.02716497890651226
988,247,0.025438599288463593,
989,247,0.02736557461321354,
990,247,0.024951916188001633,
991,247,0.03258273005485535,
991,247,,0.028008075430989265
992,248,0.02762923575937748,
993,248,0.026978205889463425,
994,248,0.02484777569770813,
995,248,0.03365606442093849,
995,248,,0.03269563987851143
996,249,0.035779017955064774,
997,249,0.026638399809598923,
998,249,0.02517293579876423,
999,249,0.020640645176172256,
999,249,,0.027144460007548332
1000,250,0.027447637170553207,
1001,250,0.0277477465569973,
1002,250,0.02243097499012947,
1003,250,0.02308672107756138,
1003,250,,0.026351576671004295
1004,251,0.027025429531931877,
1005,251,0.02279430814087391,
1006,251,0.02396276965737343,
1007,251,0.02945958822965622,
1007,251,,0.024941537529230118
1008,252,0.02607300691306591,
1009,252,0.022303977981209755,
1010,252,0.025779105722904205,
1011,252,0.022200653329491615,
1011,252,,0.022539298981428146
1012,253,0.021504199132323265,
1013,253,0.02432721108198166,
1014,253,0.025498636066913605,
1015,253,0.026850324124097824,
1015,253,,0.021951425820589066
1016,254,0.02232109196484089,
1017,254,0.02518823929131031,
1018,254,0.023212971165776253,
1019,254,0.029767675325274467,
1019,254,,0.023465173318982124
1020,255,0.023172136396169662,
1021,255,0.02303207479417324,
1022,255,0.024803292006254196,
1023,255,0.01813640259206295,
1023,255,,0.023207297548651695
1024,256,0.02699122205376625,
1025,256,0.02106013521552086,
1026,256,0.023872410878539085,
1027,256,0.02091715671122074,
1027,256,,0.030010418966412544
1028,257,0.028239164501428604,
1029,257,0.028446175158023834,
1030,257,0.023648498579859734,
1031,257,0.022706545889377594,
1031,257,,0.03167486563324928
1032,258,0.02982465736567974,
1033,258,0.028051018714904785,
1034,258,0.02524762786924839,
1035,258,0.024647459387779236,
1035,258,,0.025974804535508156
1036,259,0.024147043004631996,
1037,259,0.029518336057662964,
1038,259,0.023861341178417206,
1039,259,0.017866764217615128,
1039,259,,0.020377539098262787
1040,260,0.021104829385876656,
1041,260,0.022106941789388657,
1042,260,0.02287578396499157,
1043,260,0.017483627423644066,
1043,260,,0.0207833144813776
1044,261,0.02097882144153118,
1045,261,0.020869344472885132,
1046,261,0.020304318517446518,
1047,261,0.022494949400424957,
1047,261,,0.0201303418725729
1048,262,0.022039201110601425,
1049,262,0.018085291609168053,
1050,262,0.021740222349762917,
1051,262,0.02195434644818306,
1051,262,,0.030049998313188553
1052,263,0.02490491233766079,
1053,263,0.03066243976354599,
1054,263,0.03257261589169502,
1055,263,0.025786442682147026,
1055,263,,0.0207559484988451
1056,264,0.021014658734202385,
1057,264,0.026774628087878227,
1058,264,0.033971287310123444,
1059,264,0.02491365559399128,
1059,264,,0.018807226791977882
1060,265,0.020910607650876045,
1061,265,0.020468860864639282,
1062,265,0.019060837104916573,
1063,265,0.023936579003930092,
1063,265,,0.018805863335728645
1064,266,0.019796188920736313,
1065,266,0.01925511844456196,
1066,266,0.020078139379620552,
1067,266,0.025706667453050613,
1067,266,,0.01964767836034298
1068,267,0.020923154428601265,
1069,267,0.022287510335445404,
1070,267,0.01955517753958702,
1071,267,0.017204206436872482,
1071,267,,0.022139040753245354
1072,268,0.01950729452073574,
1073,268,0.019410887733101845,
1074,268,0.020975356921553612,
1075,268,0.01888425461947918,
1075,268,,0.017551682889461517
1076,269,0.01944991573691368,
1077,269,0.023030133917927742,
1078,269,0.03257077932357788,
1079,269,0.020869435742497444,
1079,269,,0.017509128898382187
1080,270,0.017948532477021217,
1081,270,0.02328392118215561,
1082,270,0.02345431037247181,
1083,270,0.01924843341112137,
1083,270,,0.021923089399933815
1084,271,0.023578355088829994,
1085,271,0.022224061191082,
1086,271,0.017890017479658127,
1087,271,0.020651085302233696,
1087,271,,0.02069084905087948
1088,272,0.02114252932369709,
1089,272,0.01895008608698845,
1090,272,0.01863834448158741,
1091,272,0.019357509911060333,
1091,272,,0.019319143146276474
1092,273,0.018209462985396385,
1093,273,0.01857156492769718,
1094,273,0.01808733493089676,
1095,273,0.023237450048327446,
1095,273,,0.01849890500307083
1096,274,0.017984524369239807,
1097,274,0.018582798540592194,
1098,274,0.01833493635058403,
1099,274,0.015110167674720287,
1099,274,,0.016574053093791008
1100,275,0.01579088717699051,
1101,275,0.01658475212752819,
1102,275,0.02327580377459526,
1103,275,0.023284437134861946,
1103,275,,0.016135288402438164
1104,276,0.018278608098626137,
1105,276,0.016838306561112404,
1106,276,0.020239494740962982,
1107,276,0.021612508222460747,
1107,276,,0.016241274774074554
1108,277,0.017323117703199387,
1109,277,0.019196568056941032,
1110,277,0.019405381754040718,
1111,277,0.01850907877087593,
1111,277,,0.017315683886408806
1112,278,0.019047915935516357,
1113,278,0.021310463547706604,
1114,278,0.014417960308492184,
1115,278,0.009748493321239948,
1115,278,,0.016604170203208923
1116,279,0.018208805471658707,
1117,279,0.01827128976583481,
1118,279,0.014596975408494473,
1119,279,0.015376406721770763,
1119,279,,0.018692774698138237
1120,280,0.018554329872131348,
1121,280,0.016844527795910835,
1122,280,0.016136132180690765,
1123,280,0.014329655095934868,
1123,280,,0.017432603985071182
1124,281,0.01847187429666519,
1125,281,0.01644299365580082,
1126,281,0.01680539734661579,
1127,281,0.022291356697678566,
1127,281,,0.015862777829170227
1128,282,0.016516512259840965,
1129,282,0.016159456223249435,
1130,282,0.01497602742165327,
1131,282,0.021316254511475563,
1131,282,,0.01582610048353672
1132,283,0.014573072083294392,
1133,283,0.017795652151107788,
1134,283,0.014950444921851158,
1135,283,0.013455568812787533,
1135,283,,0.013927975669503212
1136,284,0.012606563977897167,
1137,284,0.0161609910428524,
1138,284,0.01674862764775753,
1139,284,0.018921712413430214,
1139,284,,0.014687931165099144
1140,285,0.014012949541211128,
1141,285,0.017879009246826172,
1142,285,0.017713017761707306,
1143,285,0.02180667780339718,
1143,285,,0.01922975853085518
1144,286,0.01563117839396,
1145,286,0.017580488696694374,
1146,286,0.015880664810538292,
1147,286,0.022100262343883514,
1147,286,,0.015642596408724785
1148,287,0.01674366369843483,
1149,287,0.013924622908234596,
1150,287,0.01735120825469494,
1151,287,0.01127929799258709,
1151,287,,0.01507249753922224
1152,288,0.017365513369441032,
1153,288,0.015365838073194027,
1154,288,0.01346523966640234,
1155,288,0.021771792322397232,
1155,288,,0.014397455379366875
1156,289,0.013511297293007374,
1157,289,0.016087820753455162,
1158,289,0.01361081376671791,
1159,289,0.01878652535378933,
1159,289,,0.01355078537017107
1160,290,0.013640343211591244,
1161,290,0.015856144949793816,
1162,290,0.014356853440403938,
1163,290,0.01878903992474079,
1163,290,,0.016975287348031998
1164,291,0.016486164182424545,
1165,291,0.01468994002789259,
1166,291,0.01648770645260811,
1167,291,0.014415212906897068,
1167,291,,0.013400379568338394
1168,292,0.013831514865159988,
1169,292,0.013972456566989422,
1170,292,0.015756163746118546,
1171,292,0.014994440600275993,
1171,292,,0.012881533242762089
1172,293,0.012817302718758583,
1173,293,0.015222704038023949,
1174,293,0.015319989062845707,
1175,293,0.009234476834535599,
1175,293,,0.016169177368283272
1176,294,0.01466060895472765,
1177,294,0.01590389385819435,
1178,294,0.013238220475614071,
1179,294,0.018621666356921196,
1179,294,,0.01415166538208723
1180,295,0.01564052328467369,
1181,295,0.013072735629975796,
1182,295,0.014846795238554478,
1183,295,0.014175350777804852,
1183,295,,0.014722301624715328
1184,296,0.015956319868564606,
1185,296,0.01564161293208599,
1186,296,0.01606663502752781,
1187,296,0.013273365795612335,
1187,296,,0.013337845914065838
1188,297,0.014634780585765839,
1189,297,0.015291615389287472,
1190,297,0.015810342505574226,
1191,297,0.008827409707009792,
1191,297,,0.016215180978178978
1192,298,0.015255410224199295,
1193,298,0.015622961334884167,
1194,298,0.012322314083576202,
1195,298,0.016789769753813744,
1195,298,,0.013029450550675392
1196,299,0.015512742102146149,
1197,299,0.012071531265974045,
1198,299,0.012267641723155975,
1199,299,0.01317677553743124,
1199,299,,0.019133370369672775
